Track ID,Track Name,Album Name,Artist Name(s),Release Date,Duration (ms),Popularity,Genres,Record Label,Danceability,Energy,Loudness,Speechiness,Acousticness,Instrumentalness,Liveness,Valence,Tempo,genres_list,genre_dim_0,genre_dim_1,genre_dim_2,genre_dim_3,genre_dim_4,genre_dim_5,genre_dim_6,genre_dim_7,genre_dim_8,genre_dim_9,genre_dim_10,genre_dim_11,genre_dim_12,genre_dim_13,genre_dim_14,genre_dim_15,similarity_score,fit_probability,Release Year,year_distance,year_penalty,year_score,year_penalty_bin,fit_score,ridge_fitness_score,fitness_score_normalized,cosine_similarity,cosine_score_normalized,is_playlist_song,glm_probability,glm_score_normalized,cluster,cluster_score,has_metadata_match,cluster_F,cluster_A,cluster_G,cluster_J,cluster_E,cluster_C,cluster_I,cluster_D,cluster_B,cluster_H,cosine_score_normalized_2,cosine_score_normalized_3,cosine_score_normalized_4,cosine_score_normalized_5,cosine_score_normalized_6,cosine_score_normalized_7,fitness_score_normalized_2,nn_score,base_score
1nGgmuLkiyLpOjQXLe668e,Feeling Awake - Sammy Virji Remix,Hi8 Remixed,"AC Slater,Sammy Virji",2020,0.020899595860278408,0.2574046006464413,"bass house,bassline,g-house,house,uk garage",Night Bass Records,0.905,0.769,-6.718,0.234,0.0213,0.395,0.0542,0.717,131.962,"['bass house', 'bassline', 'g-house', 'house', 'uk garage']",0.2569954991340637,0.027167797088623047,0.24992408156394957,1.7001750230789185,1.0764450274407864,-0.12254560887813568,-0.6090170472860337,-1.7175230979919434,-0.18981063701212406,0.31709869056940077,-0.8826362535357475,0.7000325471162796,-0.12369042970240116,0.29430229812860487,-0.2428787738084793,-0.44257649779319763,0.6684371555511289,0.6166266,2020,0,0.0,100.0,0-5%,0,0.22029419185828025,96.57910279117009,0.8829415044871435,100.0,0,,0.0,G,23.52941176470588,0,0,0,1,0,0,0,0,0,0,0,100.0,100.0,100.0,100.0,100.0,100.0,96.57910279117009,23.246325,86.46940810402727
5mKiwDDrwG22qKKVL6JZqF,Rhyme Dust,Rhyme Dust,"MK,Dom Dolla",2023,-0.7589812311874204,1.7084326950032696,"house,piano house,tech house",????,0.925,0.561,-8.675,0.176,0.0659,0.0271,0.152,0.721,128.034,"['house', 'piano house', 'tech house']",0.11969379087289174,0.8323220610618591,0.3067825461427371,1.928040583928426,0.9393512606620789,-0.1589802304903666,-0.6574968695640564,-2.268076181411743,0.11825745428601901,-0.2881808678309123,-0.8933496077855428,0.5850694378217062,-0.2965221305688222,-0.20780669649442038,-0.15586150561769804,-0.4533737897872925,0.6993766061592708,0.7413701,2023,3,3.0,90.3225806451613,0-5%,0,0.2091454786217259,92.91908288488085,0.8805853693551825,99.86992271921129,0,,0.0,G,23.52941176470588,0,0,0,1,0,0,0,0,0,0,0,99.86992271921129,99.86992271921129,99.86992271921129,99.86992271921129,99.86992271921129,99.86992271921129,92.91908288488085,19.491184,82.54781756230243
5Wr6bUQZoQYxXonKQCoQAt,Mezcal Bounce,Mezcal Bounce,"SOSA,Kidoo",2024,-0.46964501345769694,0.9345510446796279,"tech house,house",????,0.92,0.663,-10.826,0.185,0.00101,0.0604,0.0981,0.745,132.028,"['tech house', 'house']",0.49916475266218185,0.9222853779792786,0.2867422588169575,2.0026920437812805,1.0622001886367798,0.13760080933570862,-0.5459423661231995,-2.249651551246643,-0.06830075196921825,0.12391948699951172,-0.8973332643508911,0.349883109331131,-0.3186939060688019,0.07420803606510162,-0.24038284085690975,0.029351115226745605,0.8236482168304822,0.8027951,2024,4,4.0,87.09677419354838,0-5%,0,0.23071451824159794,100.0,0.8284406018900894,96.99111943360623,0,,0.0,G,23.52941176470588,0,0,0,1,0,0,0,0,0,0,0,96.99111943360623,96.99111943360623,96.99111943360623,96.99111943360623,96.99111943360623,96.99111943360623,100.0,21.6374,81.94407511663316
6HgxYfBRmvVsMI6Fu7LJUr,Everyday,Mafia,Mike Epsse,2021,-0.4444082751571555,-1.1936234937103871,"bass house,g-house,tech house,latin house",????,0.875,0.845,-5.329,0.232,0.0117,0.00196,0.0578,0.54,135.041,"['bass house', 'g-house', 'tech house', 'latin house']",0.6897023618221283,0.2242197785526514,0.2776277977973223,2.013717532157898,1.0038940906524658,0.26833082363009453,-0.4853123724460602,-1.7788651883602142,-0.21420745085924864,0.38805115409195423,-1.1641157567501068,-0.23280388861894608,-0.5222514872439206,0.4904226344078779,-0.6184318652376533,0.10905234515666962,0.7789238608641195,0.8092424,2021,1,1.0,96.7741935483871,0-5%,0,0.21470109143610344,94.74293941978458,0.7960248044983238,95.20151122220912,0,,0.0,G,23.52941176470588,0,0,0,1,0,0,0,0,0,0,0,95.20151122220912,95.20151122220912,95.20151122220912,95.20151122220912,95.20151122220912,95.20151122220912,94.74293941978458,18.350224,81.81524727937018
7o9HjrMOzDtQjHHBQcKadz,Don't Wanna Be,Don't Wanna Be,Lanard,2021,-0.6663877656726283,-0.03280101822492443,"bass house,g-house",????,0.918,0.719,-6.594,0.178,0.0416,0.306,0.0777,0.451,122.005,"['bass house', 'g-house']",-0.03855109214782715,0.25440120697021484,0.17245180532336235,1.6823768615722656,1.3374646306037903,0.0035589560866355896,-0.324917197227478,-1.7554696202278137,-0.2663518935441971,-0.14750253781676292,-1.5420560836791992,0.22352589666843414,-0.09865078423172235,0.6339817605912685,-0.6977835223078728,-0.39257562160491943,0.6943261395515481,0.6655094,2021,1,1.0,96.7741935483871,0-5%,0,0.15593386185290548,75.45019903367962,0.7522226209127508,92.78328450162329,0,0.00873739342338562,0.6583050519520559,H,10.294117647058822,1,0,0,0,0,0,0,0,0,0,1,92.78328450162329,92.78328450162329,92.78328450162329,92.78328450162329,92.78328450162329,92.78328450162329,75.45019903367962,74.38485,81.18388164898472
3ntViwrdY9Gc7aKTEceTfJ,Jump Around,Jump Around,"Dillon Nathaniel,Kevin McKay",2021,-1.080164508658456,0.015566584920303186,"g-house,tech house,bass house,latin house,disco house,funky house",????,0.899,0.802,-5.102,0.204,0.0911,4.23e-05,0.141,0.595,126.032,"['g-house', 'tech house', 'bass house', 'latin house', 'disco house', 'funky house']",0.5649188260237376,0.28130247816443443,0.3683830214043458,1.9882999857266743,0.9416436851024628,0.14881794402996698,-0.4098333728810151,-2.0423935453097024,0.07289620550970237,0.02780542088051637,-1.0531588792800903,-0.12078474462032318,-0.6606768472120166,0.20041446760296822,-0.3181951151539882,0.032606422901153564,0.8519474555420868,0.7994702,2021,1,1.0,96.7741935483871,0-5%,0,0.18001114096630844,83.35454808047356,0.8335243799579315,97.27178416213893,0,,0.0,G,23.52941176470588,0,0,0,1,0,0,0,0,0,0,0,97.27178416213893,97.27178416213893,97.27178416213893,97.27178416213893,97.27178416213893,97.27178416213893,83.35454808047356,13.993171,79.79501441612184
6Wo1JXT5HBSDwbuMwXboh1,Ur Soul,Ur Soul,Dillon Nathaniel,2024,-0.48307131078406185,-0.8550502716937939,"g-house,tech house,bass house,latin house",????,0.872,0.746,-8.644,0.259,0.0388,0.00224,0.13,0.77,130.032,"['g-house', 'tech house', 'bass house', 'latin house']",0.6897023618221283,0.2242197785526514,0.2776277977973223,2.013717532157898,1.0038940906524658,0.26833082363009453,-0.4853123724460602,-1.7788651883602142,-0.21420745085924864,0.38805115409195423,-1.1641157567501068,-0.23280388861894608,-0.5222514872439206,0.4904226344078779,-0.6184318652376533,0.10905234515666962,0.749517972358528,0.8005507,2024,4,4.0,87.09677419354838,0-5%,0,0.21922569901404942,96.22832642831685,0.8352759984710448,97.3684873478239,0,,0.0,A,1.4705882352941175,0,0,1,0,0,0,0,0,0,0,0,97.3684873478239,97.3684873478239,97.3684873478239,97.3684873478239,97.3684873478239,97.3684873478239,96.22832642831685,4.053723,79.56820445527383
3qCChsdUfTZhH3mpdC0Syq,Cuatrocats,NO CATS,Phlegmatic Dogs,2018,-0.04177604446702674,0.2574046006464413,"bass house,g-house,bassline",Night Bass Records,0.967,0.806,-5.671,0.297,0.13,0.459,0.283,0.575,123.987,"['bass house', 'g-house', 'bassline']",0.521159291267395,-0.18402711550394693,0.19643807162841162,1.8302240371704102,0.8949404495457808,0.08119251827398936,-0.6655604839324951,-1.5223530133565266,-0.2613280912240346,0.3709398532907168,-1.0800588230292003,0.20602103571097055,-0.31807019375264645,0.5064451272288958,-0.6507060279448827,-0.3338019847869873,0.6033297021865593,0.6321369,2018,2,2.0,93.54838709677419,0-5%,0,0.22137451325106755,96.93376235760573,0.7266844924938785,91.37337797457491,0,,0.0,J,5.88235294117647,0,0,0,0,1,0,0,0,0,0,0,91.37337797457491,91.37337797457491,91.37337797457491,91.37337797457491,91.37337797457491,91.37337797457491,96.93376235760573,16.294437,79.0731729160563
69bukaKiqhRHuPVA06WlMG,AH LORD,AH LORD,"Marten Hørger,Donkong",2021,-0.8992571486949703,-0.5164770496772005,"bass house,g-house,tech house,future house",????,0.879,0.792,-5.572,0.173,0.0234,0.493,0.128,0.37,124.951,"['bass house', 'g-house', 'tech house', 'future house']",0.28790820576250553,0.15552520751953125,0.22718171402812004,1.9412137269973755,1.2456111013889313,-0.0032407231628894806,-0.20416072942316532,-1.8032110333442688,-0.36413307022303343,0.5590426344424486,-0.8823841102421284,0.44080450385808945,-0.5406749402172863,0.17875604145228863,-0.279105088673532,0.11565558612346649,0.7979779808253046,0.7718951,2021,1,1.0,96.7741935483871,0-5%,0,0.13594026635654557,68.8864857187618,0.6780106549521284,88.68619745292435,0,0.014076229602569627,5.520428878875549,H,10.294117647058822,1,0,0,0,0,0,0,0,0,0,1,88.68619745292435,88.68619745292435,88.68619745292435,88.68619745292435,88.68619745292435,88.68619745292435,68.8864857187618,80.832985,78.00473342826979
0cWGWGVduEGJn26oDylLLz,Cramik,Cramik,Honey & Badger,2020,-0.21078482583712552,-1.1452558905651595,"bass house,g-house,tech house",????,0.965,0.951,-5.924,0.299,0.0453,0.0668,0.357,0.38,126.055,"['bass house', 'g-house', 'tech house']",0.34711742401123047,0.33855414390563965,0.33456292500098544,1.914767583211263,1.1840178966522217,0.1765307535727819,-0.2777927716573079,-1.9762626091639202,-0.15947148576378822,0.19358468304077783,-1.1976333061854045,-0.0110912024974823,-0.4634683337062597,0.5402597760160764,-0.4774327265719573,0.24562493960062662,0.7032223601201281,0.7292018,2020,0,0.0,100.0,0-5%,0,0.21482561567700775,94.7838195815445,0.650893941349784,87.18914054754072,0,,0.0,J,5.88235294117647,0,0,0,0,1,0,0,0,0,0,0,87.18914054754072,87.18914054754072,87.18914054754072,87.18914054754072,87.18914054754072,87.18914054754072,94.7838195815445,15.321642,77.54160343995213
1bhO8HWJwHgBIxk488Oj8y,Calibrator,Calibrator,"Bellecour,SQWAD",2019,-0.296679832291937,-0.41974184338674536,"bass house,g-house,bassline,tech house",????,0.902,0.722,-5.792,0.168,0.00855,0.165,0.0849,0.464,126.029,"['bass house', 'g-house', 'bassline', 'tech house']",0.6704830825328827,-0.01130533218383789,0.31202484481036663,1.967555284500122,0.8904864443466067,0.19151297584176064,-0.5450563430786133,-1.7462269067764282,-0.1824237359687686,0.49714467115700245,-0.9372410550713539,0.034434426575899124,-0.5368285034783185,0.4680377971380949,-0.4972123047336936,0.1301550269126892,0.7969763218062267,0.6835882,2019,1,1.0,96.7741935483871,0-5%,0,0.15926599174659317,76.54410659794017,0.8079454107462088,95.85962290054366,0,,0.0,G,23.52941176470588,0,0,0,1,0,0,0,0,0,0,0,95.85962290054366,95.85962290054366,95.85962290054366,95.85962290054366,95.85962290054366,95.85962290054366,76.54410659794017,14.325048,77.30346222933886
2UdCQIDwFvGhslUYZH5tRR,Smack Yo',Smack Yo',Beltran,2022,-0.12923794193002083,2.0470059170198627,tech house,????,0.884,0.745,-7.892,0.135,0.00321,0.357,0.0921,0.735,126.992,['tech house'],1.1184544563293457,0.5068600177764893,0.6587851643562317,2.379549026489258,0.8771244287490845,0.5224743485450745,-0.18354392051696777,-2.417848587036133,0.054289329797029495,0.8757591247558594,-0.5087877511978149,-0.4803254008293152,-1.1931034326553345,0.35281580686569214,-0.036731135100126266,1.5220260620117188,0.7706719287542283,0.7760975,2022,2,2.0,93.54838709677419,0-5%,0,0.15682919548101576,75.74412882020508,0.8643297190542585,98.97248234751392,0,,0.0,D,14.705882352941178,0,0,0,0,0,0,0,0,1,0,0,98.97248234751392,98.97248234751392,98.97248234751392,98.97248234751392,98.97248234751392,98.97248234751392,75.74412882020508,0.03422473,76.75648520491822
5CfEfjrCqEbZ07YTIOAq3w,Spritzer,Spritzer,"SLATIN,Brett Hartt",2018,-0.40273876740829867,-1.096888287419932,"bass house,g-house",IN / ROTATION (Insomniac Records),0.9,0.678,-4.478,0.304,0.00204,0.0011,0.0475,0.707,123.966,"['bass house', 'g-house']",-0.03855109214782715,0.25440120697021484,0.17245180532336235,1.6823768615722656,1.3374646306037903,0.0035589560866355896,-0.324917197227478,-1.7554696202278137,-0.2663518935441971,-0.14750253781676292,-1.5420560836791992,0.22352589666843414,-0.09865078423172235,0.6339817605912685,-0.6977835223078728,-0.39257562160491943,0.6101940959690464,0.6406204,2018,2,2.0,93.54838709677419,0-5%,0,0.19779932655118287,89.1942456272668,0.72389623603206,91.21944418114559,0,,0.0,H,10.294117647058822,0,0,0,0,0,0,0,0,0,0,1,91.21944418114559,91.21944418114559,91.21944418114559,91.21944418114559,91.21944418114559,91.21944418114559,89.1942456272668,6.8796387,76.16382798208525
4uwlZLaAkDsKIaXnKbsqmp,Goliath,Goliath,Norsheep,2020,-0.09120166270638753,-1.1452558905651595,"bass house,g-house",noir sur blanc records,0.88,0.692,-5.597,0.131,0.00195,0.0635,0.0546,0.282,125.997,"['bass house', 'g-house']",-0.03855109214782715,0.25440120697021484,0.17245180532336235,1.6823768615722656,1.3374646306037903,0.0035589560866355896,-0.324917197227478,-1.7554696202278137,-0.2663518935441971,-0.14750253781676292,-1.5420560836791992,0.22352589666843414,-0.09865078423172235,0.6339817605912685,-0.6977835223078728,-0.39257562160491943,0.63969889498935,0.6078443,2020,0,0.0,100.0,0-5%,0,0.13506989586029025,68.60075109858191,0.6126706023765367,85.07891014145747,0,0.05158119102040342,39.67651841173833,H,10.294117647058822,1,0,0,0,0,0,0,0,0,0,1,85.07891014145747,85.07891014145747,85.07891014145747,85.07891014145747,85.07891014145747,85.07891014145747,68.60075109858191,56.063538,75.7877135398725
52r4FYDc8x1DlWt6x2vuiT,BLOW (WHITE GIRL IN TOWN) [feat. Kilo Ali],BLOW (WHITE GIRL IN TOWN) [feat. Kilo Ali],"SOSA,Kilo Ali",2024,-1.1106503318364092,1.8535355044389523,"tech house,house,miami bass",????,0.884,0.764,-6.927,0.076,0.0482,0.00123,0.106,0.808,132.021,"['tech house', 'house', 'miami bass']",0.8026413470506668,0.4452529152234395,0.23931095252434412,2.079340179761251,0.7420746957262357,0.24217082063357034,-0.8293173313140869,-1.9015416304270427,-0.1400586155553659,0.48020656903584796,-0.8924958904584249,-0.058616816997528076,-0.3883825143178304,0.16643990079561868,-0.563899789005518,-0.026821106672286987,0.8127499505329295,0.7761432,2024,4,4.0,87.09677419354838,0-5%,0,0.17059894070294968,80.26460939473148,0.8146603187824389,96.230338894822,0,,0.0,G,23.52941176470588,0,0,0,1,0,0,0,0,0,0,0,96.230338894822,96.230338894822,96.230338894822,96.230338894822,96.230338894822,96.230338894822,80.26460939473148,9.152775,75.57084783998896
7cJIGq47RjBpu3J7pN9xC8,Hussle,Best of Night Bass 2017,"Jay Robinson,JM",2017,0.04048573346256126,-1.2419910968556147,"bass house,g-house,tech house,bassline",Night Bass Records,0.935,0.853,-5.276,0.142,0.0113,0.288,0.0382,0.559,126.001,"['bass house', 'g-house', 'tech house', 'bassline']",0.6704830825328827,-0.01130533218383789,0.31202484481036663,1.967555284500122,0.8904864443466067,0.19151297584176064,-0.5450563430786133,-1.7462269067764282,-0.1824237359687686,0.49714467115700245,-0.9372410550713539,0.034434426575899124,-0.5368285034783185,0.4680377971380949,-0.4972123047336936,0.1301550269126892,0.8312448069168347,0.6936758,2017,3,3.0,90.3225806451613,0-5%,0,0.16410517986549827,78.13276750163968,0.7936118010012306,95.06829435821106,0,,0.0,G,23.52941176470588,0,0,0,1,0,0,0,0,0,0,0,95.06829435821106,95.06829435821106,95.06829435821106,95.06829435821106,95.06829435821106,95.06829435821106,78.13276750163968,12.95511,75.53358911271614
3sh2q76qsc7yLkQNmHKfQf,Stephanie,Stephanie,"Cloonee,Young M.A,InntRaw",2024,-0.6887649278832364,2.0953735201650905,"tech house,house,latin house,techno",Hellbent Records,0.916,0.527,-6.838,0.12,0.161,0.0,0.259,0.74,130.024,"['tech house', 'house', 'latin house', 'techno']",0.623221144080162,0.5350772310048342,0.3080470319837332,2.0065562427043915,0.8406723588705063,0.10774435847997665,-0.5847871117293835,-2.0534783601760864,0.059243843890726566,-0.039847612380981445,-0.9764913618564606,0.024661250412464142,-0.5666581839323044,-0.03629537671804428,-0.26509044598788023,-0.25306442379951477,0.7651234403988454,0.7490924,2024,4,4.0,87.09677419354838,0-5%,0,0.19774682589880177,89.17701014647804,0.7311533760366938,91.62009566556195,0,,0.0,G,23.52941176470588,0,0,0,1,0,0,0,0,0,0,0,91.62009566556195,91.62009566556195,91.62009566556195,91.62009566556195,91.62009566556195,91.62009566556195,89.17701014647804,14.010406,75.52065647040318
2ryXP4NxcAPXgE7KPoZ6x4,Losing Touch,Losing Touch,Franc Moody,2021,-0.23114461587469856,-1.2419910968556147,nu disco,????,0.918,0.638,-6.796,0.135,0.0461,0.6,0.1,0.751,124.017,['nu disco'],0.6049992442131042,1.5814223289489746,-0.21194832026958466,1.8785545825958252,1.3421614170074463,0.22517408430576324,-0.5489410758018494,-1.9146698713302612,-0.4240983724594116,-0.18704301118850708,-1.33783757686615,0.27351096272468567,0.23467934131622314,0.08459609746932983,-0.5540744066238403,-1.244689702987671,0.672197869352077,0.65605354,2021,1,1.0,96.7741935483871,0-5%,0,0.1562212124238616,75.54453358040873,0.7946103005821301,95.12341942662934,0,,0.0,H,10.294117647058822,0,0,0,0,0,0,0,0,0,0,1,95.12341942662934,95.12341942662934,95.12341942662934,95.12341942662934,95.12341942662934,95.12341942662934,75.54453358040873,0.49946004,75.2500297468926
2ciLxvH3suF5CyQkbUsJVe,Hip Hop,Hip Hop,"Neon Steve,Marten Hørger",2021,-0.8796024596110794,-0.12953622451537966,"bass house,g-house,tech house",????,0.824,0.938,-4.566,0.251,0.0416,0.0752,0.154,0.494,126.014,"['bass house', 'g-house', 'tech house']",0.34711742401123047,0.33855414390563965,0.33456292500098544,1.914767583211263,1.1840178966522217,0.1765307535727819,-0.2777927716573079,-1.9762626091639202,-0.15947148576378822,0.19358468304077783,-1.1976333061854045,-0.0110912024974823,-0.4634683337062597,0.5402597760160764,-0.4774327265719573,0.24562493960062662,0.7899255060049074,0.80315983,2021,1,1.0,96.7741935483871,0-5%,0,0.14728034852116917,72.6093302821498,0.5856718429972424,83.58836524142691,0,0.048412566692835335,36.79082510245365,H,10.294117647058822,1,0,0,0,0,0,0,0,0,0,1,83.58836524142691,83.58836524142691,83.58836524142691,83.58836524142691,83.58836524142691,83.58836524142691,72.6093302821498,58.53569,75.23847738126521
5xRKvc3MJfOYh9M1E9Fnid,La Pasion,La Pasion,"Matroda,San Pacho",2021,-0.7023968796544253,0.9345510446796279,"bass house,tech house,g-house,house,electro house,latin house",????,0.851,0.812,-7.984,0.123,0.0435,0.442,0.12,0.497,125.969,"['bass house', 'tech house', 'g-house', 'house', 'electro house', 'latin house']",0.640345610678196,0.31481989348928135,0.05627436190843582,1.946467439333598,1.0191762646039326,0.11738752573728561,-0.5318459073702494,-1.6587160329023998,-0.2676482641448577,0.510205190628767,-1.0144779930512111,0.27825839817523956,-0.3903620444859068,0.04938675339023272,-0.45389635550479096,-0.21387842297554016,0.850025325187871,0.7133965,2021,1,1.0,96.7741935483871,0-5%,0,0.12996532560159713,66.9249676818364,0.8299536032073247,97.07464906418896,0,,0.0,H,10.294117647058822,0,0,0,0,0,0,0,0,0,0,1,97.07464906418896,97.07464906418896,97.07464906418896,97.07464906418896,97.07464906418896,97.07464906418896,66.9249676818364,0.52432495,74.2781792165224
24CJHdyHOw10qnBwJWsD8s,Intrinsic,Intrinsic,Odd Mob,2018,-0.374299695609784,-0.32300663709629013,"tech house,bass house",????,0.833,0.613,-3.987,0.279,0.00812,6.27e-05,0.171,0.387,124.043,"['tech house', 'bass house']",0.8028384745121002,1.0002418160438538,0.3855040706694126,2.0805062651634216,1.0355185270309448,0.18344734609127045,-0.656992495059967,-2.247841954231262,0.10460389591753483,0.34628088027238846,-0.7836341261863708,-0.09289871156215668,-0.6031015003100038,0.22585907205939293,-0.5942446645349264,0.2121557593345642,0.7728815300445084,0.77965057,2018,2,2.0,93.54838709677419,0-5%,0,0.14598608881442499,72.18443673703105,0.5651707250013943,82.4565414992934,0,0.048804581353896405,37.14783621125672,J,5.88235294117647,1,0,0,0,1,0,0,0,0,0,0,82.4565414992934,82.4565414992934,82.4565414992934,82.4565414992934,82.4565414992934,82.4565414992934,72.18443673703105,60.84744,73.95292647356985
4Z0OyS2aO8BXWY5sXSTwQc,I Wanna - Tchami Remix,I Wanna (Tchami Remix),"Shiba San,Tchami",2022,-0.4253411702013331,-1.2419910968556147,"g-house,tech house,bass house,house,future house",????,0.833,0.783,-7.3,0.171,0.0151,0.379,0.0965,0.624,127.002,"['g-house', 'tech house', 'bass house', 'house', 'future house']",0.20630157440900804,0.3919623136520386,0.16468524187803268,1.878137993812561,1.24594407081604,-0.05204712450504303,-0.3449967458844185,-1.8588597297668457,-0.32948462292551994,0.3216500774025917,-0.9630830436944962,0.588661926984787,-0.3213968280702829,0.10212488621473312,-0.31209098026156423,-0.20014029741287231,0.8324330789914482,0.7710952,2022,2,2.0,93.54838709677419,0-5%,0,0.14198308867335352,70.87028864744144,0.8073510814469417,95.82681122599534,0,,0.0,H,10.294117647058822,0,0,0,0,0,0,0,0,0,0,1,95.82681122599534,95.82681122599534,95.82681122599534,95.82681122599534,95.82681122599534,95.82681122599534,70.87028864744144,1.5432507,73.86062428614545
7cN7LW0oy05OuKc06eE1eV,P!NK,D.O.P.E.,"SLAMM,Dan Molinari",????,-0.7723389770321774,0.8861834415344002,tech house,????,0.894,0.521,-10.749,0.176,0.0151,0.0235,0.098,0.588,128.001,['tech house'],1.1184544563293457,0.5068600177764893,0.6587851643562317,2.379549026489258,0.8771244287490845,0.5224743485450745,-0.18354392051696777,-2.417848587036133,0.054289329797029495,0.8757591247558594,-0.5087877511978149,-0.4803254008293152,-1.1931034326553345,0.35281580686569214,-0.036731135100126266,1.5220260620117188,0.6796026859149291,0.7380185,2025,5,5.0,83.87096774193549,5-10%,0,0.19770707301868368,89.16395964195098,0.7269769046245256,91.38952143523991,0,,0.0,D,14.705882352941178,0,0,0,0,0,0,0,0,1,0,0,91.38952143523991,91.38952143523991,91.38952143523991,91.38952143523991,91.38952143523991,91.38952143523991,89.16395964195098,0.086642876,73.2766987062955
5YtFmJF6RzB4etYr1rls48,TELEMARKETER,TELEMARKETER,LUCATI,????,-0.43787629826679414,0.2574046006464413,"tech house,bass house,g-house,latin house",????,0.859,0.597,-8.051,0.111,0.0126,0.00878,0.122,0.742,130.005,"['tech house', 'bass house', 'g-house', 'latin house']",0.6897023618221283,0.2242197785526514,0.2776277977973223,2.013717532157898,1.0038940906524658,0.26833082363009453,-0.4853123724460602,-1.7788651883602142,-0.21420745085924864,0.38805115409195423,-1.1641157567501068,-0.23280388861894608,-0.5222514872439206,0.4904226344078779,-0.6184318652376533,0.10905234515666962,0.7818333719467783,0.7823712,2025,5,5.0,83.87096774193549,5-10%,0,0.16115006370090396,77.1626300733713,0.7616439425209433,93.3034159149729,0,,0.0,G,23.52941176470588,0,0,0,1,0,0,0,0,0,0,0,93.3034159149729,93.3034159149729,93.3034159149729,93.3034159149729,93.3034159149729,93.3034159149729,77.1626300733713,13.760008,72.81627243784672
5e3NwBC0E6xjX9c1Uc8RHy,COLLECT THE COMMAS,COLLECT THE COMMAS,PAWSA,2024,-0.3675033058617918,1.660065091858042,"tech house,house",????,0.847,0.576,-9.065,0.172,0.221,3.26e-05,0.339,0.772,131.022,"['tech house', 'house']",0.49916475266218185,0.9222853779792786,0.2867422588169575,2.0026920437812805,1.0622001886367798,0.13760080933570862,-0.5459423661231995,-2.249651551246643,-0.06830075196921825,0.12391948699951172,-0.8973332643508911,0.349883109331131,-0.3186939060688019,0.07420803606510162,-0.24038284085690975,0.029351115226745605,0.7277485292441017,0.7268987,2024,4,4.0,87.09677419354838,0-5%,0,0.20350382125025857,91.06697871412045,0.6144061446662533,85.17472579255396,0,,0.0,G,23.52941176470588,0,0,0,1,0,0,0,0,0,0,0,85.17472579255396,85.17472579255396,85.17472579255396,85.17472579255396,85.17472579255396,85.17472579255396,91.06697871412045,16.633688,72.51355101619832
5OaizvsSInYguBNQCBJMRe,Fuse,Fuse,"Honey & Badger,Hooders",2021,0.1510005148834423,-0.41974184338674536,"bass house,g-house,tech house,electro house",????,0.871,0.92,-5.193,0.161,0.00542,0.176,0.0388,0.613,126.026,"['bass house', 'g-house', 'tech house', 'electro house']",0.561185359954834,0.16749798506498337,0.07903110049664974,1.9356005489826202,1.1010647416114807,0.10196671262383461,-0.29371586441993713,-1.671042189002037,-0.2591458512470126,0.6794251818209887,-0.9343565180897713,0.3468501791357994,-0.549821734894067,0.03995226137340069,-0.3094785762950778,0.120179682970047,0.7910881371301861,0.6926477,2021,1,1.0,96.7741935483871,0-5%,0,0.14399713900986405,71.53148282900203,0.6941111905396035,89.575074266504,0,,0.0,G,23.52941176470588,0,0,0,1,0,0,0,0,0,0,0,89.575074266504,89.575074266504,89.575074266504,89.575074266504,89.575074266504,89.575074266504,71.53148282900203,14.335738,72.33087421810954
3MK2rvp7XjarzRKFrPGMOb,Disconnected,Disconnected,"James Hype,Tita Lau",2021,-0.6301142388332004,1.2731242666962213,"house,tech house",Solotoko,0.842,0.811,-6.476,0.109,0.00579,0.176,0.0702,0.594,125.995,"['house', 'tech house']",0.49916475266218185,0.9222853779792786,0.2867422588169575,2.0026920437812805,1.0622001886367798,0.13760080933570862,-0.5459423661231995,-2.249651551246643,-0.06830075196921825,0.12391948699951172,-0.8973332643508911,0.349883109331131,-0.3186939060688019,0.07420803606510162,-0.24038284085690975,0.029351115226745605,0.9386016899313552,0.8356133,2021,1,1.0,96.7741935483871,0-5%,0,0.11947754472056027,63.48192578247743,0.748602577694798,92.58342950530268,0,,0.0,G,23.52941176470588,0,0,0,1,0,0,0,0,0,0,0,92.58342950530268,92.58342950530268,92.58342950530268,92.58342950530268,92.58342950530268,92.58342950530268,63.48192578247743,15.003279,72.19165842262095
6oWmcKVK6atTCoWVYTdSg1,Dreamin (feat. Daya),Dreamin (feat. Daya),"Dom Dolla,Daya",????,-0.8553254420530498,2.3372115358912287,"house,tech house",????,0.775,0.672,-7.554,0.161,0.0419,4.59e-05,0.1,0.713,134.047,"['house', 'tech house']",0.49916475266218185,0.9222853779792786,0.2867422588169575,2.0026920437812805,1.0622001886367798,0.13760080933570862,-0.5459423661231995,-2.249651551246643,-0.06830075196921825,0.12391948699951172,-0.8973332643508911,0.349883109331131,-0.3186939060688019,0.07420803606510162,-0.24038284085690975,0.029351115226745605,0.8538717141567167,0.800561,2025,5,5.0,83.87096774193549,5-10%,0,0.16265790489956583,77.65764045578304,0.7103159252155165,90.46970369329365,0,,0.0,G,23.52941176470588,0,0,0,1,0,0,0,0,0,0,0,90.46970369329365,90.46970369329365,90.46970369329365,90.46970369329365,90.46970369329365,90.46970369329365,77.65764045578304,20.024027,71.91370335674404
1merVe85SADF84bBtWBZs6,All I Need,All I Need,OOTORO,2020,0.022074764116415378,-0.46810944653197295,"bass house,tech house,g-house",????,0.862,0.704,-5.463,0.136,0.000457,0.0679,0.0697,0.627,124.992,"['bass house', 'tech house', 'g-house']",0.34711742401123047,0.33855414390563965,0.33456292500098544,1.914767583211263,1.1840178966522217,0.1765307535727819,-0.2777927716573079,-1.9762626091639202,-0.15947148576378822,0.19358468304077783,-1.1976333061854045,-0.0110912024974823,-0.4634683337062597,0.5402597760160764,-0.4774327265719573,0.24562493960062662,0.8628931011039537,0.8154078,2020,0,0.0,100.0,0-5%,0,0.13111518808434044,67.30245694782064,0.730711335796489,91.5956915506769,0,,0.0,H,10.294117647058822,0,0,0,0,0,0,0,0,0,0,1,91.5956915506769,91.5956915506769,91.5956915506769,91.5956915506769,91.5956915506769,91.5956915506769,67.30245694782064,0.91548765,71.87457793057683
15L0Wv4WrFQ5sfKiPczNJR,Naughty,Weird Times,"Qlank,Purple Velvet Curtains",2021,-0.27802403622576255,-0.41974184338674536,"bass house,g-house,bassline,uk garage",Night Bass Records,0.909,0.789,-4.212,0.223,0.00928,0.501,0.0531,0.339,126.009,"['bass house', 'g-house', 'bassline', 'uk garage']",0.35127561166882515,-0.30046793818473816,0.33373026363551617,1.7187600135803223,1.0337372971698642,-0.0913638286292553,-0.5341861061751842,-1.6265402436256409,-0.18954058783128858,0.55335340090096,-0.7818256225436926,0.5800177790224552,-0.29354194225743413,0.41897780634462833,-0.19258983060717583,-0.18738966435194016,0.607160341356448,0.60524005,2021,1,1.0,96.7741935483871,0-5%,0,0.1657389525985424,78.6691200473028,0.6611402088572593,87.7548154944173,0,,0.0,H,10.294117647058822,0,0,0,0,0,0,0,0,0,0,1,87.7548154944173,87.7548154944173,87.7548154944173,87.7548154944173,87.7548154944173,87.7548154944173,78.6691200473028,2.695228,71.86379520317466
3FHq3UMMPt5qd3dynOxXLa,Lick It - Noizu Remix,Lick It (Remixes II),"Valentino Khan,Noizu",2018,-0.12834677266911698,-0.2262714308058349,"bass house,moombahton,g-house,tech house,house,piano house",????,0.848,0.718,-6.652,0.124,0.00155,0.0824,0.0261,0.779,124.996,"['bass house', 'moombahton', 'g-house', 'tech house', 'house', 'piano house']",-0.027115685244401295,0.40440301100413006,0.3013222465912501,1.8288840452829997,1.2009073793888092,-0.17645232131083807,-0.40298748513062793,-1.9861278931299846,-0.10176318325102329,0.014345647146304449,-0.9575624633580446,0.6814806014299393,-0.26934082837154466,0.0707591362297535,-0.18144639519353709,-0.37758517762025195,0.7495261472046968,0.7065359,2018,2,2.0,93.54838709677419,0-5%,0,0.13242362599211535,67.73200506579518,0.7060630954825284,90.23491388017119,0,,0.0,G,23.52941176470588,0,0,0,1,0,0,0,0,0,0,0,90.23491388017119,90.23491388017119,90.23491388017119,90.23491388017119,90.23491388017119,90.23491388017119,67.73200506579518,18.830774,71.49788655486613
6jsSnqKmZIGNTg0g8bZNh3,Groove La Afrika,Soul on Ice EP Pt1,Melé,2021,-0.8787602556941813,0.5959778226630346,"tribal house,latin house,tech house,disco house",????,0.873,0.886,-4.53,0.357,0.0241,0.864,0.0347,0.274,127.061,"['tribal house', 'latin house', 'tech house', 'disco house']",0.7215189784765244,0.2811113987118006,0.3991216607391834,2.0304059386253357,0.812100812792778,0.15841753035783768,-0.40788184851408005,-2.1161348819732666,0.30726994294673204,-0.18803328275680542,-0.9201149344444275,-0.22788282483816147,-0.9044118821620941,-0.11867301911115646,-0.0857782019302249,0.016832516063004732,0.698220934802455,0.77970296,2021,1,1.0,96.7741935483871,0-5%,0,0.19467243632933928,88.16771635757453,0.5304464604509339,80.53948765597147,0,,0.0,G,23.52941176470588,0,0,0,1,0,0,0,0,0,0,0,80.53948765597147,80.53948765597147,80.53948765597147,80.53948765597147,80.53948765597147,80.53948765597147,88.16771635757453,16.160355,71.26184057295828
27gtNUVLNAHhNSjQoc92ue,You Don’t,Hands Together EP,"Marten Hørger,Neon Steve",2018,0.06364634117726074,-0.9517854779842491,"bass house,g-house,tech house",????,0.911,0.79,-4.59,0.282,0.0685,0.331,0.0492,0.159,122.99,"['bass house', 'g-house', 'tech house']",0.34711742401123047,0.33855414390563965,0.33456292500098544,1.914767583211263,1.1840178966522217,0.1765307535727819,-0.2777927716573079,-1.9762626091639202,-0.15947148576378822,0.19358468304077783,-1.1976333061854045,-0.0110912024974823,-0.4634683337062597,0.5402597760160764,-0.4774327265719573,0.24562493960062662,0.7351212608319398,0.7422878,2018,2,2.0,93.54838709677419,0-5%,0,0.1794907597013498,83.18371170248118,0.6132934257069047,85.11329491172258,0,,0.0,H,10.294117647058822,0,0,0,0,0,0,0,0,0,0,1,85.11329491172258,85.11329491172258,85.11329491172258,85.11329491172258,85.11329491172258,85.11329491172258,83.18371170248118,6.48744,71.06239594095507
62nKcpQbhfOMB8y8PXVBK0,Wait a Minute,Best of Night Bass 2017,"VOLAC,Peazy 616",2017,0.10903721507055127,-1.2419910968556147,"g-house,bass house,tech house,bassline",Night Bass Records,0.913,0.608,-5.89,0.102,0.0437,0.000276,0.0487,0.331,126.001,"['g-house', 'bass house', 'tech house', 'bassline']",0.6704830825328827,-0.01130533218383789,0.31202484481036663,1.967555284500122,0.8904864443466067,0.19151297584176064,-0.5450563430786133,-1.7462269067764282,-0.1824237359687686,0.49714467115700245,-0.9372410550713539,0.034434426575899124,-0.5368285034783185,0.4680377971380949,-0.4972123047336936,0.1301550269126892,0.7201340045282313,0.63165087,2017,3,3.0,90.3225806451613,0-5%,0,0.1508085961492383,73.76762149289779,0.6688951478457353,88.18294941705176,0,,0.0,G,23.52941176470588,0,0,0,1,0,0,0,0,0,0,0,88.18294941705176,88.18294941705176,88.18294941705176,88.18294941705176,88.18294941705176,88.18294941705176,73.76762149289779,14.240953,70.59249730321218
7qUKunNI8Gvfn6uM2EOhLE,Jungle,Jungle,Rob Black,2021,-0.8197276369609007,-0.2746390339510625,"tech house,hard house",????,0.831,0.769,-8.258,0.238,0.194,0.326,0.102,0.451,124.033,"['tech house', 'hard house']",1.034592717885971,0.3426419869065285,0.23745156079530716,2.0826019644737244,1.280941903591156,0.3590420335531235,-0.032225530594587326,-1.8776798844337463,0.5255601946264505,-0.24638736248016357,-1.3197210431098938,-0.3358241245150566,-0.7996086478233337,0.32741275429725647,0.07053218968212605,0.8610100969672203,0.7293089249349047,0.7796739,2021,1,1.0,96.7741935483871,0-5%,0,0.17440257171286142,81.5133064342078,0.586398962504274,83.62850798493943,0,,0.0,G,23.52941176470588,0,0,0,1,0,0,0,0,0,0,0,83.62850798493943,83.62850798493943,83.62850798493943,83.62850798493943,83.62850798493943,83.62850798493943,81.5133064342078,7.263617,70.5689751605527
0BaT8fXJLmR5gVSyJnjANj,Lifting,Lifting,Matroda,2021,-0.8522504184494915,0.2574046006464413,"bass house,tech house,g-house,house,electro house",Insomniac Records,0.906,0.934,-4.356,0.0955,0.117,0.0653,0.0508,0.905,124.981,"['bass house', 'tech house', 'g-house', 'house', 'electro house']",0.4249232977628708,0.40154053568840026,0.046164751052856445,1.8736474514007568,1.1303069829940795,0.03211882412433624,-0.4166408538818359,-1.7531246542930603,-0.2454948477447033,0.41795611530542376,-1.0046609699726106,0.5134984672069549,-0.3287142638117075,-0.008918137848377227,-0.3363897703588009,-0.19652101993560792,0.7498474315422732,0.7623475,2021,1,1.0,96.7741935483871,0-5%,0,0.15323358090015526,74.56372165912174,0.6397354443868317,86.57310332499745,0,,0.0,F,11.76470588235294,0,1,0,0,0,0,0,0,0,0,0,86.57310332499745,86.57310332499745,86.57310332499745,86.57310332499745,86.57310332499745,86.57310332499745,74.56372165912174,4.1152263,70.28635188628917
7zp9FOU4cjFdGN1zdWTvcB,TAKE IT OFF,TAKE IT OFF,"FISHER,Aatig",2023,-0.6293210002603079,2.0470059170198627,"tech house,house,techno",????,0.884,0.707,-6.607,0.202,0.000502,0.258,0.363,0.582,127.013,"['tech house', 'house', 'techno']",0.25847580035527545,0.7530307471752167,0.3751219039162,1.9052191972732544,0.9663889209429423,-0.037584533294041954,-0.41042575736840564,-2.3424135049184165,0.20513024056951204,-0.37694700558980304,-0.9474674463272095,0.332195649544398,-0.5226772626241049,-0.1620309054851532,-0.00631083423892657,-0.23719741900761923,0.7648952721342065,0.7494754,2023,3,3.0,90.3225806451613,0-5%,0,0.155530137466893,75.31766003495328,0.616390161933322,85.28425922620015,0,,0.0,G,23.52941176470588,0,0,0,1,0,0,0,0,0,0,0,85.28425922620015,85.28425922620015,85.28425922620015,85.28425922620015,85.28425922620015,85.28425922620015,75.31766003495328,16.643011,69.5143435504124
4EbHvjV88bNH4hGB4eRTRr,Sonnenwind,Herzblut Pur,Stephan Bodzin,????,1.816713380338389,-0.6615798591128834,"melodic techno,minimal techno,techno,melodic house",????,0.897,0.537,-8.686,0.234,0.133,0.874,0.117,0.606,127.993,"['melodic techno', 'minimal techno', 'techno', 'melodic house']",0.2304161712527275,0.6058942601084709,0.3526213560253382,1.701323926448822,1.0143197625875473,-0.018651797145139426,-0.2851565210148692,-2.45522940158844,0.49777570739388466,-0.9095340520143509,-1.0670796185731888,0.15170152112841606,-0.7019932568073273,-0.27569200471043587,0.12881316989660263,-0.4778120517730713,0.6534861176660288,0.67344445,2009,11,11.0,64.51612903225806,10-15%,0,0.21160049373687856,93.72504174318553,0.7114970439033321,90.5349107797276,0,,0.0,E,14.705882352941178,0,0,0,0,0,1,0,0,0,0,0,90.5349107797276,90.5349107797276,90.5349107797276,90.5349107797276,90.5349107797276,90.5349107797276,93.72504174318553,0.9338592,69.28257761960074
2VyvDGdcVY04cNYou9MFVX,Dirty Cash (Money Talks),Dirty Cash (Money Talks),"PAWSA,The Adventures Of Stevie V",2024,-0.3664358613624674,2.7241523610530494,"tech house,house",????,0.783,0.473,-6.493,0.167,0.0693,3.4e-05,0.149,0.539,131.89,"['tech house', 'house']",0.49916475266218185,0.9222853779792786,0.2867422588169575,2.0026920437812805,1.0622001886367798,0.13760080933570862,-0.5459423661231995,-2.249651551246643,-0.06830075196921825,0.12391948699951172,-0.8973332643508911,0.349883109331131,-0.3186939060688019,0.07420803606510162,-0.24038284085690975,0.029351115226745605,0.7665806884544349,0.7334311,2024,4,4.0,87.09677419354838,0-5%,0,0.1528166987189492,74.42686307738077,0.6240346606781597,85.70629597453113,0,,0.0,G,23.52941176470588,0,0,0,1,0,0,0,0,0,0,0,85.70629597453113,85.70629597453113,85.70629597453113,85.70629597453113,85.70629597453113,85.70629597453113,74.42686307738077,19.446466,69.09613446737447
1GjwboGNxJlQ65BQRjtyNm,Bogeyman,Bogeyman,Sammy Virji,2024,0.26457073377027945,0.8861834415344002,"uk garage,bassline,bass house,house",????,0.76,0.858,-5.21,0.21,0.0631,0.0621,0.173,0.465,136.034,"['uk garage', 'bassline', 'bass house', 'house']",0.4623255431652069,0.28016504645347595,0.2542349435389042,1.7293962240219116,0.9753021253272891,-0.1938564032316208,-0.8814229778945446,-1.7886278927326202,-0.0653577339835465,0.42432529106736183,-0.5968874003738165,0.8369097299873829,-0.10856253700330853,0.07561257667839527,-0.2426462545990944,-0.6313614472746849,0.557938772877066,0.61218154,2024,4,4.0,87.09677419354838,0-5%,0,0.1604396868132983,76.9294198818059,0.5789324956073708,83.21630000167332,0,,0.0,G,23.52941176470588,0,0,0,1,0,0,0,0,0,0,0,83.21630000167332,83.21630000167332,83.21630000167332,83.21630000167332,83.21630000167332,83.21630000167332,76.9294198818059,17.32606,68.05895126937457
3DqOJ2BoddzZpNdty3okJH,RIZZ,RIZZ,AYYBO,2023,-0.5687704558628505,2.0470059170198627,"tech house,house",GDB RECORDS,0.855,0.839,-5.733,0.153,0.0736,0.426,0.32,0.729,127.044,"['tech house', 'house']",0.49916475266218185,0.9222853779792786,0.2867422588169575,2.0026920437812805,1.0622001886367798,0.13760080933570862,-0.5459423661231995,-2.249651551246643,-0.06830075196921825,0.12391948699951172,-0.8973332643508911,0.349883109331131,-0.3186939060688019,0.07420803606510162,-0.24038284085690975,0.029351115226745605,0.8872816971473202,0.8144063,2023,3,3.0,90.3225806451613,0-5%,0,0.1356389876898088,68.78757870642774,0.624783957004139,85.74766305372205,0,,0.0,J,5.88235294117647,0,0,0,0,1,0,0,0,0,0,0,85.74766305372205,85.74766305372205,85.74766305372205,85.74766305372205,85.74766305372205,85.74766305372205,68.78757870642774,13.2661495,67.87294426022633
6rnKUsfpnb7hN7IfMpuzLP,Bumper,Bumper,"Supafly,Dave Winnel,DawgSide",????,-1.1983472629506307,0.3541398069368965,"tech house,future house",????,0.785,0.907,-6.194,0.191,0.0339,0.00154,0.191,0.663,132.022,"['tech house', 'future house']",0.6143675036728382,0.056649208068847656,0.28191162273287773,2.2000505924224854,1.1537575721740723,-0.01004040241241455,-0.08340426161885262,-1.8509524464607239,-0.4619142469018698,1.2655878067016602,-0.22271213680505753,0.6580831110477448,-0.9826990962028503,-0.2764696776866913,0.13957334496080875,0.6238867938518524,0.5409320397002064,0.64144903,2025,5,5.0,83.87096774193549,5-10%,0,0.14980851811414087,73.43930508196905,0.6368522266655553,86.41392691952815,0,,0.0,I,4.411764705882353,0,0,0,0,0,0,0,1,0,0,0,86.41392691952815,86.41392691952815,86.41392691952815,86.41392691952815,86.41392691952815,86.41392691952815,73.43930508196905,9.181792,67.57004355439935
76AMW7PQUbQZucnM2NHZO5,Moving Blind,Moving Blind,"Sonny Fodera,Dom Dolla",2020,-0.6451955647869582,0.11230179121075842,"house,piano house,tech house",????,0.909,0.877,-6.683,0.117,0.0174,0.000466,0.0761,0.363,121.998,"['house', 'piano house', 'tech house']",0.11969379087289174,0.8323220610618591,0.3067825461427371,1.928040583928426,0.9393512606620789,-0.1589802304903666,-0.6574968695640564,-2.268076181411743,0.11825745428601901,-0.2881808678309123,-0.8933496077855428,0.5850694378217062,-0.2965221305688222,-0.20780669649442038,-0.15586150561769804,-0.4533737897872925,0.7457495637312654,0.77370524,2020,0,0.0,100.0,0-5%,0,0.12934605740081512,66.72166763329247,0.5527882529172742,81.77293117648313,0,,0.0,G,23.52941176470588,0,0,0,1,0,0,0,0,0,0,0,81.77293117648313,81.77293117648313,81.77293117648313,81.77293117648313,81.77293117648313,81.77293117648313,66.72166763329247,15.458844,67.29006010422611
4t7HImV9utNCptZBU563yW,Traffic Jam - Original Mix,Traffic Jam,Funky Truckerz,????,0.7884313631497379,-1.2419910968556147,"funky house,disco house",????,0.852,0.64,-6.534,0.126,0.000301,0.0352,0.0706,0.64,128.006,"['funky house', 'disco house']",0.3153517544269562,0.3954678773880005,0.5498934686183929,1.9374648928642273,0.8171428740024567,-0.09020781517028809,-0.25887537375092506,-2.569450259208679,0.6471035182476044,-0.6926860455423594,-0.8312451243400574,0.10325354337692261,-0.9375275671482086,-0.3796018660068512,0.2822783850133419,-0.12028542160987854,0.699283954467987,0.7055162,2011,9,9.0,70.96774193548387,5-10%,0,0.14446018494653434,71.68349654661948,0.7604193651621597,93.23580956642981,0,,0.0,E,14.705882352941178,0,0,0,0,0,1,0,0,0,0,0,93.23580956642981,93.23580956642981,93.23580956642981,93.23580956642981,93.23580956642981,93.23580956642981,71.68349654661948,0.028881893,67.21737573997687
2gVJTQbla9i7bxnKdLiu45,Disco Tetris - Edit,Disco Tetris (Edit),Luuk Van Dijk,2024,-0.5894534171708612,1.5633298855675868,"tech house,house",????,0.903,0.805,-10.239,0.0605,0.0066,0.00495,0.131,0.678,127.013,"['tech house', 'house']",0.49916475266218185,0.9222853779792786,0.2867422588169575,2.0026920437812805,1.0622001886367798,0.13760080933570862,-0.5459423661231995,-2.249651551246643,-0.06830075196921825,0.12391948699951172,-0.8973332643508911,0.349883109331131,-0.3186939060688019,0.07420803606510162,-0.24038284085690975,0.029351115226745605,0.866555662910431,0.8040716,2024,4,4.0,87.09677419354838,0-5%,0,0.15215205702199613,74.20866732781015,0.557473530975379,82.03159555496894,0,,0.0,G,23.52941176470588,0,0,0,1,0,0,0,0,0,0,0,82.03159555496894,82.03159555496894,82.03159555496894,82.03159555496894,82.03159555496894,82.03159555496894,74.20866732781015,18.623411,66.84812671725744
5fhIrC32KM91BM9z4OVMnh,Drip Feed,Drip Feed,"Black Caviar,Rion S,DOMENICO,Prince Street Bodega",2023,-0.7532326998011504,-0.03280101822492443,"funky house,tech house",????,0.934,0.733,-5.545,0.0534,0.0523,0.00411,0.0912,0.902,122.966,"['funky house', 'tech house']",1.1707459092140198,0.46022583544254303,0.6330749094486237,2.2327953577041626,0.9371311068534851,0.5224864482879639,-0.1506960280239582,-2.58091402053833,0.3066667262464762,0.4248534794896841,-0.6478336453437805,-0.5641213655471802,-1.2450908422470093,0.30536121129989624,0.024802884086966515,1.209408015012741,0.7855630044531763,0.7926042,2023,3,3.0,90.3225806451613,0-5%,0,0.13927700690146727,69.98190691737094,0.621901424642824,85.58852448553932,0,,0.0,D,14.705882352941178,0,0,0,0,0,0,0,0,1,0,0,85.58852448553932,85.58852448553932,85.58852448553932,85.58852448553932,85.58852448553932,85.58852448553932,69.98190691737094,0.01577246,66.7846636066691
5ECEMutDIhmSKM6MkJuVc3,No Boys Allowed - OG House Mix,Locomotiva Ibiza 2099 II,"Mochakk,Tommy Genesis",2024,0.9169653911647192,1.2731242666962213,"tech house,house",????,0.876,0.577,-7.442,0.112,0.00364,0.683,0.0718,0.43,128.008,"['tech house', 'house']",0.49916475266218185,0.9222853779792786,0.2867422588169575,2.0026920437812805,1.0622001886367798,0.13760080933570862,-0.5459423661231995,-2.249651551246643,-0.06830075196921825,0.12391948699951172,-0.8973332643508911,0.349883109331131,-0.3186939060688019,0.07420803606510162,-0.24038284085690975,0.029351115226745605,0.8786363438188415,0.8049238,2024,4,4.0,87.09677419354838,0-5%,0,0.13983183877485814,70.16405311291537,0.5751051805267724,83.00500196037994,0,,0.0,G,23.52941176470588,0,0,0,1,0,0,0,0,0,0,0,83.00500196037994,83.00500196037994,83.00500196037994,83.00500196037994,83.00500196037994,83.00500196037994,70.16405311291537,18.216269,66.39901570184006
3zDWCrH7ZL9Dz4kyPRoEas,You Know,You Know,"Panfil & Rubh,Wayne Le,Resonomics",2023,-0.7382786837418075,-0.9034178748390215,tech house,????,0.848,0.862,-6.605,0.0861,0.00808,0.438,0.128,0.889,127.964,['tech house'],1.1184544563293457,0.5068600177764893,0.6587851643562317,2.379549026489258,0.8771244287490845,0.5224743485450745,-0.18354392051696777,-2.417848587036133,0.054289329797029495,0.8757591247558594,-0.5087877511978149,-0.4803254008293152,-1.1931034326553345,0.35281580686569214,-0.036731135100126266,1.5220260620117188,0.7765311644587587,0.7713447,2023,3,3.0,90.3225806451613,0-5%,0,0.12431069158636432,65.06860339840735,0.6460064246632403,86.91931099839007,0,,0.0,D,14.705882352941178,0,0,0,0,0,0,0,0,1,0,0,86.91931099839007,86.91931099839007,86.91931099839007,86.91931099839007,86.91931099839007,86.91931099839007,65.06860339840735,0.009726311,66.36711877734028
2uaQbkPV4EPWe53LTyHNIK,Talk to Me,Talk to Me,Cloonee,2020,1.0720190494931914,-0.2262714308058349,"tech house,house,latin house,techno",????,0.925,0.834,-8.636,0.091,0.00175,0.928,0.171,0.872,125.996,"['tech house', 'house', 'latin house', 'techno']",0.623221144080162,0.5350772310048342,0.3080470319837332,2.0065562427043915,0.8406723588705063,0.10774435847997665,-0.5847871117293835,-2.0534783601760864,0.059243843890726566,-0.039847612380981445,-0.9764913618564606,0.024661250412464142,-0.5666581839323044,-0.03629537671804428,-0.26509044598788023,-0.25306442379951477,0.864114556644788,0.83003116,2020,0,0.0,100.0,0-5%,0,0.1467829725822013,72.44604634086382,0.5044220992168849,79.10273723462754,0,,0.0,B,11.76470588235294,0,0,0,0,0,0,0,0,0,1,0,79.10273723462754,79.10273723462754,79.10273723462754,79.10273723462754,79.10273723462754,79.10273723462754,72.44604634086382,0.19643565,65.59279749163233
0MyfdGptOUnUnGzJmiyCOG,VIRUS - Odd Mob Remix,AUTONOMY (REMIXES),"GEN.KLOUD,Odd Mob",2021,-0.725714176469943,1.7568002981484971,"tech house,bass house",????,0.824,0.756,-5.272,0.0646,0.0135,0.00212,0.0941,0.407,125.967,"['tech house', 'bass house']",0.8028384745121002,1.0002418160438538,0.3855040706694126,2.0805062651634216,1.0355185270309448,0.18344734609127045,-0.656992495059967,-2.247841954231262,0.10460389591753483,0.34628088027238846,-0.7836341261863708,-0.09289871156215668,-0.6031015003100038,0.22585907205939293,-0.5942446645349264,0.2121557593345642,0.8810448846516346,0.8119393,2021,1,1.0,96.7741935483871,0-5%,0,0.09063897298124671,54.01448820512884,0.3528251291735643,70.73338635506649,0,0.014490996946315922,5.898161050640155,F,11.76470588235294,1,1,0,0,0,0,0,0,0,0,0,70.73338635506649,70.73338635506649,70.73338635506649,70.73338635506649,70.73338635506649,70.73338635506649,54.01448820512884,99.11495,65.4885565543384
74nEGIzIefJhJ5qX7NeIAz,Beggin',Beggin',"Chris Lake,Aluna",2023,-0.7390719223146999,2.0953735201650905,"tech house,house,bass house",Black Book Records/Astralwerks,0.801,0.691,-5.971,0.051,0.161,0.298,0.119,0.715,125.976,"['tech house', 'house', 'bass house']",0.4951839993397395,1.1127314567565918,0.2285691648721695,1.928949197133382,1.1061043341954548,0.039873987436294556,-0.7407752672831217,-2.1923794746398926,0.006105652699867885,0.021547203262646992,-0.951049009958903,0.33143139878908795,-0.21682912670075893,0.08243946979443233,-0.5441746252278487,-0.3463374376296997,0.8468543537237156,0.8059157,2023,3,3.0,90.3225806451613,0-5%,0,0.1032496835879885,58.15446838703841,0.3563823683321131,70.92977407094169,0,0.009952118340050881,1.7645654357232847,F,11.76470588235294,1,1,0,0,0,0,0,0,0,0,0,70.92977407094169,70.92977407094169,70.92977407094169,70.92977407094169,70.92977407094169,70.92977407094169,58.15446838703841,99.36798,65.10786266960949
15z2xOc2TLj1ljQK1Bo5S6,Rain,Rain,"PARISI,Clementine Douglas",2024,-0.7038168746305907,1.4665946792771316,melodic techno,????,0.831,0.683,-6.655,0.0775,0.0986,0.114,0.224,0.615,128.991,['melodic techno'],1.0920945405960083,0.3469425439834595,0.45315873622894287,1.8141210079193115,1.004399299621582,0.5642991662025452,-0.05062378942966461,-2.521601676940918,0.5539799332618713,-0.32086747884750366,-0.8845271468162537,-0.6785568594932556,-1.2341123819351196,0.20582614839076996,0.1627781093120575,0.7186203598976135,0.739571102060992,0.7452913,2024,4,4.0,87.09677419354838,0-5%,0,0.12764332124656963,66.16267503141412,0.6109244525247822,84.98250886910057,0,,0.0,D,14.705882352941178,0,0,0,0,0,0,0,0,1,0,0,84.98250886910057,84.98250886910057,84.98250886910057,84.98250886910057,84.98250886910057,84.98250886910057,66.16267503141412,0.05483451,64.8342312293887
4HB7ECLzrbgapiZyLlFbxz,Never Walk Alone,Never Walk Alone,"BLOND:ISH,Stevie Appleton",2024,-0.690468921854635,2.1437411233103183,"afro house,latin house",Insomniac Records,0.853,0.594,-6.823,0.0371,0.052,0.134,0.0469,0.83,129.995,"['afro house', 'latin house']",0.5176398158073425,0.09849588945508003,0.32948824018239975,2.129847466945648,0.5961439907550812,-0.14277097582817078,-0.7458159625530243,-1.901625156402588,0.2048611044883728,-0.21745210886001587,-0.9990225732326508,-0.06922811269760132,-0.7586505115032196,-0.3329722583293915,-0.32060903310775757,-0.6662593185901642,0.6901660229578183,0.61632603,2024,4,4.0,87.09677419354838,0-5%,0,0.13957174761083757,70.07866757849837,0.5672208325210114,82.5697236372187,0,,0.0,B,11.76470588235294,0,0,0,0,0,0,0,0,0,1,0,82.5697236372187,82.5697236372187,82.5697236372187,82.5697236372187,82.5697236372187,82.5697236372187,70.07866757849837,0.029663147,64.38188869607313
0D8o8KQzuOtxxgaDDiasxW,All I Need,All I Need,VASA,????,-0.7804672241371248,0.11230179121075842,tech house,????,0.853,0.846,-6.235,0.0922,0.00551,0.0257,0.0816,0.391,129.985,['tech house'],1.1184544563293457,0.5068600177764893,0.6587851643562317,2.379549026489258,0.8771244287490845,0.5224743485450745,-0.18354392051696777,-2.417848587036133,0.054289329797029495,0.8757591247558594,-0.5087877511978149,-0.4803254008293152,-1.1931034326553345,0.35281580686569214,-0.036731135100126266,1.5220260620117188,0.7299548000015886,0.75976145,2025,5,5.0,83.87096774193549,5-10%,0,0.13285822401508654,67.874679595273,0.6030136952505812,84.54577254559813,0,,0.0,D,14.705882352941178,0,0,0,0,0,0,0,0,1,0,0,84.54577254559813,84.54577254559813,84.54577254559813,84.54577254559813,84.54577254559813,84.54577254559813,67.874679595273,0.024344716,64.31363950290925
1cp2VLGH0DoDFAMojgkXxP,In The Club,In The Club,Dima Sick,2024,-0.8695058056771026,-0.32300663709629013,"deep house,tech house",????,0.796,0.859,-7.373,0.129,0.00747,0.221,0.132,0.573,126.984,"['deep house', 'tech house']",0.2918536067008972,0.43605366349220276,0.5830966234207153,2.070785164833069,0.7551236152648926,-0.09855949878692627,-0.31669600307941437,-2.4526771306991577,0.4112000409513712,-0.19597965478897095,-0.7335698008537292,0.10359698534011841,-0.93548583984375,-0.22936123609542847,0.14414920844137669,0.22354799509048462,0.8357946094120601,0.7765476,2024,4,4.0,87.09677419354838,0-5%,0,0.10964650417049565,60.254485686987636,0.6318146042163938,86.13581034593346,0,,0.0,E,14.705882352941178,0,0,0,0,0,1,0,0,0,0,0,86.13581034593346,86.13581034593346,86.13581034593346,86.13581034593346,86.13581034593346,86.13581034593346,60.254485686987636,0.039513934,64.07909666192687
5BopcaE9qKiH9u0B3BnVEg,Dance With You,Dance With You,InntRaw,2024,0.8175265705579291,-0.08116862137015204,tech house,????,0.836,0.703,-7.089,0.0455,0.0638,0.413,0.1,0.638,129.998,['tech house'],1.1184544563293457,0.5068600177764893,0.6587851643562317,2.379549026489258,0.8771244287490845,0.5224743485450745,-0.18354392051696777,-2.417848587036133,0.054289329797029495,0.8757591247558594,-0.5087877511978149,-0.4803254008293152,-1.1931034326553345,0.35281580686569214,-0.036731135100126266,1.5220260620117188,0.7570334020835682,0.77385527,2024,4,4.0,87.09677419354838,0-5%,0,0.12383087616756229,64.91108441420727,0.5887201733944337,83.75665717156005,0,,0.0,D,14.705882352941178,0,0,0,0,0,0,0,0,1,0,0,83.75665717156005,83.75665717156005,83.75665717156005,83.75665717156005,83.75665717156005,83.75665717156005,64.91108441420727,0.010812413,63.823532781871286
6u6vaQoR0IXCWRSOP7h7D6,Get Busy - Odd Mob Club Mix,Get Busy (Odd Mob Club Mix),"Sean Paul,Odd Mob",2024,-0.9103331095090612,2.0953735201650905,"dancehall,tech house,bass house",????,0.77,0.942,-5.548,0.192,0.00472,0.0,0.101,0.615,132.08,"['dancehall', 'tech house', 'bass house']",0.9391335447629293,0.6904880031943321,0.09117826074361801,1.7454761266708374,0.5420662462711334,0.5792662600676218,-0.6941648721694946,-2.03416641553243,0.1398885709544023,0.521311824520429,-0.9726122617721558,-0.2856155335903168,-0.3220937307924032,-0.29915724446376163,-0.9648216205338637,0.3071287473042806,0.675057692652108,0.6356224,2024,4,4.0,87.09677419354838,0-5%,0,0.14054454443446227,70.39802781888622,0.5452453293043402,81.35650217822328,0,,0.0,B,11.76470588235294,0,0,0,0,0,0,0,0,0,1,0,81.35650217822328,81.35650217822328,81.35650217822328,81.35650217822328,81.35650217822328,81.35650217822328,70.39802781888622,0.04964087,63.7616374548614
6dvk1CsZQid2dpaAxzbKuZ,Work It,Work It,"Kevin McKay,Milos Pesovic",2020,-1.0966854157259815,-1.1936234937103871,"tech house,disco house,funky house",????,0.879,0.849,-6.383,0.0563,0.00281,0.00708,0.114,0.818,124.971,"['tech house', 'disco house', 'funky house']",0.5830526550610861,0.4325985908508301,0.5861907005310059,2.0848262707392373,0.8371367255846659,0.11401957273483276,-0.23376488933960596,-2.518916368484497,0.4494987887640794,-0.16987098877628645,-0.7237593332926432,-0.09127277135848999,-1.0227195223172505,-0.13546264171600342,0.17594187830885252,0.42715173959732056,0.8234172890587134,0.79750466,2020,0,0.0,100.0,0-5%,0,0.11765000866073219,62.881962520663414,0.5213885590313504,80.03941990929219,0,,0.0,E,14.705882352941178,0,0,0,0,0,1,0,0,0,0,0,80.03941990929219,80.03941990929219,80.03941990929219,80.03941990929219,80.03941990929219,80.03941990929219,62.881962520663414,0.010145782,63.745157153897345
0H2PMtarxegtVjNOWfegml,Regulate,Regulate,Chapter & Verse,2024,-1.0948149395849636,0.6443454258082622,tech house,Helix Records,0.869,0.901,-6.536,0.0611,0.0302,0.000125,0.184,0.961,127.958,['tech house'],1.1184544563293457,0.5068600177764893,0.6587851643562317,2.379549026489258,0.8771244287490845,0.5224743485450745,-0.18354392051696777,-2.417848587036133,0.054289329797029495,0.8757591247558594,-0.5087877511978149,-0.4803254008293152,-1.1931034326553345,0.35281580686569214,-0.036731135100126266,1.5220260620117188,0.7383115053537953,0.7598381,2024,4,4.0,87.09677419354838,0-5%,0,0.13286175226148422,67.87583788607982,0.559309987466051,82.13298246752458,0,,0.0,D,14.705882352941178,0,0,0,0,0,0,0,0,1,0,0,82.13298246752458,82.13298246752458,82.13298246752458,82.13298246752458,82.13298246752458,82.13298246752458,67.87583788607982,0.008893109,63.599652732421454
4tyYPFP4jQwvWaVi0pxsn6,Elon,Elon,"Pinkloud,Maksik",2023,-1.0982718928717663,-0.5164770496772005,tech house,????,0.793,0.872,-5.471,0.0942,0.0806,0.00305,0.08,0.775,127.998,['tech house'],1.1184544563293457,0.5068600177764893,0.6587851643562317,2.379549026489258,0.8771244287490845,0.5224743485450745,-0.18354392051696777,-2.417848587036133,0.054289329797029495,0.8757591247558594,-0.5087877511978149,-0.4803254008293152,-1.1931034326553345,0.35281580686569214,-0.036731135100126266,1.5220260620117188,0.7339574225037259,0.7605448,2023,3,3.0,90.3225806451613,0-5%,0,0.11567713555584841,62.234286445115806,0.5706988111209678,82.76173554383082,0,,0.0,D,14.705882352941178,0,0,0,0,0,0,0,0,1,0,0,82.76173554383082,82.76173554383082,82.76173554383082,82.76173554383082,82.76173554383082,82.76173554383082,62.234286445115806,0.020683898,63.26115088765857
0pUqMnvppzZqnmkTmlsCie,Miami,Miami,INDECK.,2024,-0.6548221514184802,0.3541398069368965,tech house,????,0.843,0.523,-9.346,0.0668,0.00743,0.0348,0.0938,0.619,129.995,['tech house'],1.1184544563293457,0.5068600177764893,0.6587851643562317,2.379549026489258,0.8771244287490845,0.5224743485450745,-0.18354392051696777,-2.417848587036133,0.054289329797029495,0.8757591247558594,-0.5087877511978149,-0.4803254008293152,-1.1931034326553345,0.35281580686569214,-0.036731135100126266,1.5220260620117188,0.6921196461836007,0.74307185,2024,4,4.0,87.09677419354838,0-5%,0,0.1438765251455497,71.49188640787266,0.513046220083852,79.57885686645638,0,,0.0,D,14.705882352941178,0,0,0,0,0,0,0,0,1,0,0,79.57885686645638,79.57885686645638,79.57885686645638,79.57885686645638,79.57885686645638,79.57885686645638,71.49188640787266,0.012534751,62.99667762905071
0qOmGg55Xzv8xBBJa1rBEI,Fly With Us,Fly With Us,"AC Slater,Chris Lorenzo",2021,-0.10213072748846137,0.5959778226630346,"bass house,bassline,g-house,house,tech house",Night Bass Records,0.864,0.913,-3.094,0.0721,0.0323,0.201,0.0901,0.702,128.011,"['bass house', 'bassline', 'g-house', 'house', 'tech house']",0.5123614758253098,0.25849788188934325,0.23255974650382996,1.8992112398147583,0.9618443451821804,0.10375583469867707,-0.6177132368087769,-1.8132724285125732,-0.18411715552210808,0.27213170677423476,-1.0069685995578765,0.26356586515903474,-0.3183196786791086,0.33355029076337817,-0.4865767531096935,-0.18854074478149413,0.8232159288407785,0.8306848,2021,1,1.0,96.7741935483871,0-5%,0,0.1156689116979803,62.23158662829702,0.49708526935309294,78.69768624016393,0,,0.0,F,11.76470588235294,0,1,0,0,0,0,0,0,0,0,0,78.69768624016393,78.69768624016393,78.69768624016393,78.69768624016393,78.69768624016393,78.69768624016393,62.23158662829702,0.99974304,62.247717878554155
6RIbDs0p4XusU2PZSiDgeZ,Deceiver,Deceiver,"Chris Lake,Green Velvet",2018,-0.32300360122940514,1.3698594729866764,"tech house,house,bass house,techno",????,0.881,0.883,-5.494,0.0633,0.0195,0.148,0.0825,0.966,124.016,"['tech house', 'house', 'bass house', 'techno']",0.3156624734401703,0.9381789639592171,0.3093971721827984,1.8742802739143372,1.023269847035408,-0.06708331406116486,-0.5904295854270458,-2.27626895904541,0.19257729593664408,-0.3285095952451229,-0.9752207100391388,0.32277873158454895,-0.3952828389592469,-0.09679759480059147,-0.29267267417162657,-0.452326700091362,0.8270334632953703,0.8059299,2018,2,2.0,93.54838709677419,0-5%,0,0.11763774495718009,62.87793645970255,0.5108694125672119,79.45867988733323,0,,0.0,F,11.76470588235294,0,1,0,0,0,0,0,0,0,0,0,79.45867988733323,79.45867988733323,79.45867988733323,79.45867988733323,79.45867988733323,79.45867988733323,62.87793645970255,0.7849273,62.20372108261789
51VvfvYfvQ0k0auXePKkZ4,Deceiver - VIP,Black Book ID's: Chapter 5,"Chris Lake,Green Velvet",2023,-1.0088905539237485,0.8378158383891726,"tech house,house,bass house,techno",Black Book Records,0.889,0.898,-4.36,0.105,0.0189,0.67,0.0769,0.84,124.02,"['tech house', 'house', 'bass house', 'techno']",0.3156624734401703,0.9381789639592171,0.3093971721827984,1.8742802739143372,1.023269847035408,-0.06708331406116486,-0.5904295854270458,-2.27626895904541,0.19257729593664408,-0.3285095952451229,-0.9752207100391388,0.32277873158454895,-0.3952828389592469,-0.09679759480059147,-0.29267267417162657,-0.452326700091362,0.8608526474576598,0.8184844,2023,3,3.0,90.3225806451613,0-5%,0,0.11838900713839577,63.12456891671797,0.5235994908755689,80.16148082099625,0,,0.0,F,11.76470588235294,0,1,0,0,0,0,0,0,0,0,0,80.16148082099625,80.16148082099625,80.16148082099625,80.16148082099625,80.16148082099625,80.16148082099625,63.12456891671797,1.0614104,62.06464661444282
241G2oKRWIvcmvf75awESt,More Love,More Love EP,nocapz.,2024,-0.35871892314716797,0.2574046006464413,tech house,????,0.796,0.756,-6.713,0.074,0.00603,0.285,0.103,0.771,130.062,['tech house'],1.1184544563293457,0.5068600177764893,0.6587851643562317,2.379549026489258,0.8771244287490845,0.5224743485450745,-0.18354392051696777,-2.417848587036133,0.054289329797029495,0.8757591247558594,-0.5087877511978149,-0.4803254008293152,-1.1931034326553345,0.35281580686569214,-0.036731135100126266,1.5220260620117188,0.7568816053606553,0.7771435,2024,4,4.0,87.09677419354838,0-5%,0,0.11095891576887587,60.68533833100101,0.5642160258825889,82.40383456255576,0,,0.0,D,14.705882352941178,0,0,0,0,0,0,0,0,1,0,0,82.40383456255576,82.40383456255576,82.40383456255576,82.40383456255576,82.40383456255576,82.40383456255576,60.68533833100101,0.00723307,62.02978428221248
6uABa7vKOgFqXnwvk8NBr5,Talk To Me,Talk To Me,Biscits,2021,-0.5391758019458011,0.6443454258082622,"tech house,house",????,0.84,0.868,-6.173,0.0721,0.0259,0.573,0.0891,0.851,126.001,"['tech house', 'house']",0.49916475266218185,0.9222853779792786,0.2867422588169575,2.0026920437812805,1.0622001886367798,0.13760080933570862,-0.5459423661231995,-2.249651551246643,-0.06830075196921825,0.12391948699951172,-0.8973332643508911,0.349883109331131,-0.3186939060688019,0.07420803606510162,-0.24038284085690975,0.029351115226745605,0.9296124864514521,0.8434509,2021,1,1.0,96.7741935483871,0-5%,0,0.10662493129784872,59.262531133350805,0.5089845893009776,79.35462274650405,0,,0.0,F,11.76470588235294,0,1,0,0,0,0,0,0,0,0,0,79.35462274650405,79.35462274650405,79.35462274650405,79.35462274650405,79.35462274650405,79.35462274650405,59.262531133350805,1.5641878,61.958976964526045
69zeFafjEhalju3xDjXTrm,Tasty,Tasty,Me & My Toothbrush,2020,-0.5458644679369806,-0.46810944653197295,"nu disco,funky house,disco house",????,0.89,0.842,-4.637,0.0554,0.0525,0.0808,0.0833,0.962,121.987,"['nu disco', 'funky house', 'disco house']",0.41190091768900555,0.7907860279083252,0.29594620565573376,1.91782812277476,0.9921490550041199,0.014919484655062357,-0.3555639411012332,-2.351190129915873,0.2900362213452657,-0.5241383674244086,-1.0001092751820881,0.16000601649284363,-0.5467919309933981,-0.22486921151479086,0.0034941211342811584,-0.4950868487358093,0.7889277455631403,0.80236346,2020,0,0.0,100.0,0-5%,0,0.1117163805863828,60.93400705640148,0.4788537694901293,77.69116335669068,0,,0.0,E,14.705882352941178,0,0,0,0,0,1,0,0,0,0,0,77.69116335669068,77.69116335669068,77.69116335669068,77.69116335669068,77.69116335669068,77.69116335669068,60.93400705640148,0.057639316,61.853963709780345
5IAaxB9xyH0T4JwQY2fg3W,Disco Party Baby - Original Mix,Love At First Bite,Vampire Sex,2023,-0.6764452473314004,0.547610219517807,tech house,????,0.806,0.665,-5.789,0.123,0.00471,0.675,0.0995,0.886,127.028,['tech house'],1.1184544563293457,0.5068600177764893,0.6587851643562317,2.379549026489258,0.8771244287490845,0.5224743485450745,-0.18354392051696777,-2.417848587036133,0.054289329797029495,0.8757591247558594,-0.5087877511978149,-0.4803254008293152,-1.1931034326553345,0.35281580686569214,-0.036731135100126266,1.5220260620117188,0.7556614481763352,0.7712721,2023,3,3.0,90.3225806451613,0-5%,0,0.11083778453657035,60.645572062723716,0.5386477817335685,80.99226540918623,0,,0.0,D,14.705882352941178,0,0,0,0,0,0,0,0,1,0,0,80.99226540918623,80.99226540918623,80.99226540918623,80.99226540918623,80.99226540918623,80.99226540918623,60.645572062723716,0.012023982,61.84521601962313
03eCZwVZ6nWfeXqDqiqwZF,Seeking Pleasure,Seeking Pleasure,Stoley,????,-0.23941975901166307,0.45087501322735174,tech house,IN / ROTATION (Insomniac Records),0.799,0.836,-5.125,0.0881,0.065,0.00118,0.163,0.928,129.011,['tech house'],1.1184544563293457,0.5068600177764893,0.6587851643562317,2.379549026489258,0.8771244287490845,0.5224743485450745,-0.18354392051696777,-2.417848587036133,0.054289329797029495,0.8757591247558594,-0.5087877511978149,-0.4803254008293152,-1.1931034326553345,0.35281580686569214,-0.036731135100126266,1.5220260620117188,0.7251430537615717,0.757339,2025,5,5.0,83.87096774193549,5-10%,0,0.11719793280649332,62.73355018010363,0.5628426925437595,82.32801570823447,0,,0.0,D,14.705882352941178,0,0,0,0,0,0,0,0,1,0,0,82.32801570823447,82.32801570823447,82.32801570823447,82.32801570823447,82.32801570823447,82.32801570823447,62.73355018010363,0.013693502,61.827488004196795
5B5onCeur5UE2jbTCCkUiK,Still My Baby,Still My Baby,"Cloonee,GREG (BR)",2024,-0.6623334351889557,1.418227076131904,"tech house,house,latin house,techno",Hellbent Records,0.79,0.733,-7.414,0.0778,0.0311,0.0418,0.138,0.761,127.996,"['tech house', 'house', 'latin house', 'techno']",0.623221144080162,0.5350772310048342,0.3080470319837332,2.0065562427043915,0.8406723588705063,0.10774435847997665,-0.5847871117293835,-2.0534783601760864,0.059243843890726566,-0.039847612380981445,-0.9764913618564606,0.024661250412464142,-0.5666581839323044,-0.03629537671804428,-0.26509044598788023,-0.25306442379951477,0.8789433718030021,0.8026024,2024,4,4.0,87.09677419354838,0-5%,0,0.10811364339356244,59.75126160739157,0.5630284039610444,82.33826844622226,0,,0.0,B,11.76470588235294,0,0,0,0,0,0,0,0,0,1,0,82.33826844622226,82.33826844622226,82.33826844622226,82.33826844622226,82.33826844622226,82.33826844622226,59.75126160739157,0.19602858,61.78596415402691
28mfXJIaL1GT5J4EalGxJA,Freaky Feed Me,Freaky Feed Me / Outlaws (feat. Audio Bullys & Olly Burden),Anti Up,2024,-0.4277012997824082,0.6443454258082622,"tech house,bass house",????,0.803,0.888,-4.283,0.119,0.000674,0.0015,0.116,0.691,130.013,"['tech house', 'bass house']",0.8028384745121002,1.0002418160438538,0.3855040706694126,2.0805062651634216,1.0355185270309448,0.18344734609127045,-0.656992495059967,-2.247841954231262,0.10460389591753483,0.34628088027238846,-0.7836341261863708,-0.09289871156215668,-0.6031015003100038,0.22585907205939293,-0.5942446645349264,0.2121557593345642,0.8942357579228088,0.8103916,2024,4,4.0,87.09677419354838,0-5%,0,0.11686534939832406,62.62436610938864,0.5382410105603747,80.96980842554615,0,,0.0,F,11.76470588235294,0,1,0,0,0,0,0,0,0,0,0,80.96980842554615,80.96980842554615,80.96980842554615,80.96980842554615,80.96980842554615,80.96980842554615,62.62436610938864,1.0547763,61.76971604521624
0dfNT0PN07Ea7EU7lpoedL,Drip,Drip,Bruno Furlan,????,-0.5054680591322722,0.30577220379166886,"tech house,house,latin house",????,0.809,0.878,-7.888,0.0892,0.159,0.00619,0.182,0.517,131.014,"['tech house', 'house', 'latin house']",0.9052622268597285,0.5752624794840813,0.22676897794008255,2.105317155520121,0.8626410166422526,0.2729775508244832,-0.7332519690195719,-1.8953253428141277,-0.17167228336135545,0.40642984708150226,-0.9527432123819987,-0.06605857610702515,-0.44532958666483563,0.16310909390449524,-0.5073983209828535,-0.0806544025739034,0.8219738528003195,0.78285086,2025,5,5.0,83.87096774193549,5-10%,0,0.1442257130775466,71.60652159087785,0.48281589087037075,77.90990377115395,0,,0.0,B,11.76470588235294,0,0,0,0,0,0,0,0,0,1,0,77.90990377115395,77.90990377115395,77.90990377115395,77.90990377115395,77.90990377115395,77.90990377115395,71.60652159087785,0.4399191,61.456986343939754
4UJsElhvL79GKKfgpRBXmT,I Got Love,I Got Love,"Our Anthem,Lee Wilson",2020,0.5937941207270521,-0.8066826685485663,"nu disco,funky house,disco house",????,0.877,0.898,-7.934,0.0555,0.00207,0.0512,0.0329,0.841,124.0,"['nu disco', 'funky house', 'disco house']",0.41190091768900555,0.7907860279083252,0.29594620565573376,1.91782812277476,0.9921490550041199,0.014919484655062357,-0.3555639411012332,-2.351190129915873,0.2900362213452657,-0.5241383674244086,-1.0001092751820881,0.16000601649284363,-0.5467919309933981,-0.22486921151479086,0.0034941211342811584,-0.4950868487358093,0.8019583992577459,0.8000007,2020,0,0.0,100.0,0-5%,0,0.12212094113331033,64.3497284863049,0.4406480041834634,75.58190315589462,0,,0.0,E,14.705882352941178,0,0,0,0,0,1,0,0,0,0,0,75.58190315589462,75.58190315589462,75.58190315589462,75.58190315589462,75.58190315589462,75.58190315589462,64.3497284863049,0.059217524,61.44249576777074
7rG91mtvsrPuuqp2VvNijz,Right by Your Side,Right by Your Side,Me & My Toothbrush,2018,-0.5621503413532789,0.2574046006464413,"nu disco,funky house,disco house",????,0.891,0.892,-2.838,0.196,0.0346,0.591,0.332,0.711,122.995,"['nu disco', 'funky house', 'disco house']",0.41190091768900555,0.7907860279083252,0.29594620565573376,1.91782812277476,0.9921490550041199,0.014919484655062357,-0.3555639411012332,-2.351190129915873,0.2900362213452657,-0.5241383674244086,-1.0001092751820881,0.16000601649284363,-0.5467919309933981,-0.22486921151479086,0.0034941211342811584,-0.4950868487358093,0.7657607105149199,0.79011375,2018,2,2.0,93.54838709677419,0-5%,0,0.12302218925977744,64.64559994818447,0.47328450709743763,77.3836960564441,0,,0.0,E,14.705882352941178,0,0,0,0,0,1,0,0,0,0,0,77.3836960564441,77.3836960564441,77.3836960564441,77.3836960564441,77.3836960564441,77.3836960564441,64.64559994818447,0.30536464,61.369711002708804
7dsImih2L25fa6qjNphBI7,Turn off the Lights,Turn off the Lights,"Chris Lake,Alexis Roberts",2018,-0.4731998974325113,1.90190310758418,"tech house,house,bass house",????,0.825,0.745,-5.49,0.0754,0.0467,3.19e-05,0.198,0.888,125.004,"['tech house', 'house', 'bass house']",0.4951839993397395,1.1127314567565918,0.2285691648721695,1.928949197133382,1.1061043341954548,0.039873987436294556,-0.7407752672831217,-2.1923794746398926,0.006105652699867885,0.021547203262646992,-0.951049009958903,0.33143139878908795,-0.21682912670075893,0.08243946979443233,-0.5441746252278487,-0.3463374376296997,0.8073851779365577,0.8035309,2018,2,2.0,93.54838709677419,0-5%,0,0.10214979306784369,57.79338445626965,0.5176252941234514,79.83165794374666,0,,0.0,F,11.76470588235294,0,1,0,0,0,0,0,0,0,0,0,79.83165794374666,79.83165794374666,79.83165794374666,79.83165794374666,79.83165794374666,79.83165794374666,57.79338445626965,2.5198932,61.347343610834365
0fJm8fquozJRImFiiLsBZU,NOW JAZZ - MIDNIGHT MIX,ONE MINUTE SILENCE / NOW JAZZ,GOLFOS,2020,4.359229074765931,0.547610219517807,tech house,????,0.866,0.407,-12.174,0.0771,0.0127,0.895,0.059,0.783,127.996,['tech house'],1.1184544563293457,0.5068600177764893,0.6587851643562317,2.379549026489258,0.8771244287490845,0.5224743485450745,-0.18354392051696777,-2.417848587036133,0.054289329797029495,0.8757591247558594,-0.5087877511978149,-0.4803254008293152,-1.1931034326553345,0.35281580686569214,-0.036731135100126266,1.5220260620117188,0.682014337354262,0.7101601,2020,0,0.0,100.0,0-5%,0,0.15463177240313414,75.02273505601566,0.3572572865465378,70.97807647121623,0,,0.0,D,14.705882352941178,0,0,0,0,0,0,0,0,1,0,0,70.97807647121623,70.97807647121623,70.97807647121623,70.97807647121623,70.97807647121623,70.97807647121623,75.02273505601566,0.0054972973,61.3430793764725
29vo9RUjxgZWXWGTpD8f4m,Turn off the Lights (feat. Alexis Roberts),Turn off the Lights (feat. Alexis Roberts),"Chris Lake,Alexis Roberts",2018,-0.4731998974325113,-0.8550502716937939,"tech house,house,bass house",????,0.824,0.745,-5.49,0.0755,0.0467,3.29e-05,0.198,0.888,125.013,"['tech house', 'house', 'bass house']",0.4951839993397395,1.1127314567565918,0.2285691648721695,1.928949197133382,1.1061043341954548,0.039873987436294556,-0.7407752672831217,-2.1923794746398926,0.006105652699867885,0.021547203262646992,-0.951049009958903,0.33143139878908795,-0.21682912670075893,0.08243946979443233,-0.5441746252278487,-0.3463374376296997,0.8072332220868854,0.8035309,2018,2,2.0,93.54838709677419,0-5%,0,0.10179940456815581,57.67835513794548,0.5154166845384569,79.70972523910554,0,,0.0,F,11.76470588235294,0,1,0,0,0,0,0,0,0,0,0,79.70972523910554,79.70972523910554,79.70972523910554,79.70972523910554,79.70972523910554,79.70972523910554,57.67835513794548,2.5019188,61.24570350860148
5GXLRHmbF3zIhq6SepTQmO,Disco Bus,Disco Bus,Deeper Purpose,2024,-0.5764776010093488,0.789448235243945,"tech house,house",????,0.839,0.704,-12.045,0.0771,0.0584,0.48,0.106,0.807,127.004,"['tech house', 'house']",0.49916475266218185,0.9222853779792786,0.2867422588169575,2.0026920437812805,1.0622001886367798,0.13760080933570862,-0.5459423661231995,-2.249651551246643,-0.06830075196921825,0.12391948699951172,-0.8973332643508911,0.349883109331131,-0.3186939060688019,0.07420803606510162,-0.24038284085690975,0.029351115226745605,0.8538232891109239,0.81248367,2024,4,4.0,87.09677419354838,0-5%,0,0.14411039770609926,71.56866461617204,0.4474735716757512,75.95872842673452,0,,0.0,B,11.76470588235294,0,0,0,0,0,0,0,0,0,1,0,75.95872842673452,75.95872842673452,75.95872842673452,75.95872842673452,75.95872842673452,75.95872842673452,71.56866461617204,0.5449457,60.981021869783476
42zPPFaBzU7900qfEfqpXl,Mafia,Mafia,Mike Epsse,2021,-0.2958082491686354,-1.2419910968556147,"bass house,g-house,tech house,latin house",????,0.854,0.902,-3.772,0.109,0.00207,0.612,0.0667,0.74,126.004,"['bass house', 'g-house', 'tech house', 'latin house']",0.6897023618221283,0.2242197785526514,0.2776277977973223,2.013717532157898,1.0038940906524658,0.26833082363009453,-0.4853123724460602,-1.7788651883602142,-0.21420745085924864,0.38805115409195423,-1.1641157567501068,-0.23280388861894608,-0.5222514872439206,0.4904226344078779,-0.6184318652376533,0.10905234515666962,0.8555314379944113,0.8337175,2021,1,1.0,96.7741935483871,0-5%,0,0.10832414181535767,59.82036630115003,0.46342150076156047,76.83918015531032,0,,0.0,F,11.76470588235294,0,1,0,0,0,0,0,0,0,0,0,76.83918015531032,76.83918015531032,76.83918015531032,76.83918015531032,76.83918015531032,76.83918015531032,59.82036630115003,0.33121374,60.48080383155831
71NOmiKvk7s5R7dUurNjuy,You Little Beauty,You Little Beauty,FISHER,2019,-0.5119706568162302,-1.2419910968556147,"tech house,house,techno",Catch & Release,0.926,0.953,-5.531,0.0911,0.00235,0.442,0.313,0.927,123.983,"['tech house', 'house', 'techno']",0.25847580035527545,0.7530307471752167,0.3751219039162,1.9052191972732544,0.9663889209429423,-0.037584533294041954,-0.41042575736840564,-2.3424135049184165,0.20513024056951204,-0.37694700558980304,-0.9474674463272095,0.332195649544398,-0.5226772626241049,-0.1620309054851532,-0.00631083423892657,-0.23719741900761923,0.8091330263167277,0.7991664,2019,1,1.0,96.7741935483871,0-5%,0,0.12347235094974646,64.79338388623871,0.42534473659475525,74.73704183698361,0,,0.0,E,14.705882352941178,0,0,0,0,0,1,0,0,0,0,0,74.73704183698361,74.73704183698361,74.73704183698361,74.73704183698361,74.73704183698361,74.73704183698361,64.79338388623871,0.12455893,60.44249669775599
1KPYXJHOpst0Dg7sMksL5J,Paula Abdul,Paula Abdul,Braydon Terzo,????,-0.39842981713579645,0.7410806320987174,tech house,????,0.798,0.61,-7.448,0.0648,0.00543,0.279,0.087,0.844,132.002,['tech house'],1.1184544563293457,0.5068600177764893,0.6587851643562317,2.379549026489258,0.8771244287490845,0.5224743485450745,-0.18354392051696777,-2.417848587036133,0.054289329797029495,0.8757591247558594,-0.5087877511978149,-0.4803254008293152,-1.1931034326553345,0.35281580686569214,-0.036731135100126266,1.5220260620117188,0.7339614612097335,0.7611729,2025,5,5.0,83.87096774193549,5-10%,0,0.12637023372781397,65.74473212067386,0.4914018002425101,78.38391382646714,0,,0.0,D,14.705882352941178,0,0,0,0,0,0,0,0,1,0,0,78.38391382646714,78.38391382646714,78.38391382646714,78.38391382646714,78.38391382646714,78.38391382646714,65.74473212067386,0.0056675207,60.293743174244746
3lvYern0XwXErOq5G6vLIT,Tekno,On The Block,Moksi,2019,-0.6506698902467962,-0.7583150654033387,"bass house,future house,g-house",????,0.846,0.982,-2.755,0.0797,0.105,0.858,0.105,0.884,130.014,"['bass house', 'future house', 'g-house']",0.011059455573558807,0.03841360410054525,0.08331389725208282,1.7951019605000813,1.3684399922688801,-0.17847908039887747,-0.2110329990585645,-1.5983318487803142,-0.5036072035630544,0.45347047100464505,-1.006916229923566,0.7478478054205576,-0.3231987760712703,0.12073611964782079,-0.3598964065313339,-0.3531345725059509,0.6241845812711665,0.6026794,2019,1,1.0,96.7741935483871,0-5%,0,0.12147116696594547,64.13641360980861,0.3551479743292834,70.86162576606228,0,,0.0,I,4.411764705882353,0,0,0,0,0,0,0,1,0,0,0,70.86162576606228,70.86162576606228,70.86162576606228,70.86162576606228,70.86162576606228,70.86162576606228,64.13641360980861,10.702829,59.02514818020385
0FkqTOSBLFoMOD0BowkiMB,Know How,3 Years Of FV,"George Sandler,Justin Jay",2019,0.08945107746826841,0.3541398069368965,"disco house,funky house,nu disco",????,0.925,0.738,-5.617,0.0462,0.0045,0.789,0.066,0.948,123.015,"['disco house', 'funky house', 'nu disco']",0.41190091768900555,0.7907860279083252,0.29594620565573376,1.91782812277476,0.9921490550041199,0.014919484655062357,-0.3555639411012332,-2.351190129915873,0.2900362213452657,-0.5241383674244086,-1.0001092751820881,0.16000601649284363,-0.5467919309933981,-0.22486921151479086,0.0034941211342811584,-0.4950868487358093,0.8156699897589719,0.82004297,2019,1,1.0,96.7741935483871,0-5%,0,0.11706667901695703,62.690460769488624,0.39526051321574396,73.07615493847838,0,,0.0,E,14.705882352941178,0,0,0,0,0,1,0,0,0,0,0,73.07615493847838,73.07615493847838,73.07615493847838,73.07615493847838,73.07615493847838,73.07615493847838,62.690460769488624,0.052859325,58.92835814726022
6kDnAA7kbQb4qp5oQUNNyB,Hamstring,Synchronicity III,"WhoMadeWho,Michael Mayer",2020,1.2830596821577893,-0.03280101822492443,"melodic techno,melodic house,afro house,minimal techno",????,0.884,0.426,-9.502,0.0571,0.0387,0.63,0.112,0.48,125.017,"['melodic techno', 'melodic house', 'afro house', 'minimal techno']",0.11559731140732765,0.581207662820816,0.3526895735412836,1.761037439107895,1.0028194934129715,-0.12898123887134716,-0.3462485736235976,-2.477389395236969,0.5068120397627354,-0.9164527505636215,-1.0387661755084991,0.26736776903271675,-0.6740072816610336,-0.3687787391245365,0.1134076789021492,-0.5432017296552658,0.6193068766085349,0.6051053,2020,0,0.0,100.0,0-5%,0,0.12683771033699626,65.89820038728259,0.3529922420766422,70.74261230807835,0,,0.0,E,14.705882352941178,0,0,0,0,0,1,0,0,0,0,0,70.74261230807835,70.74261230807835,70.74261230807835,70.74261230807835,70.74261230807835,70.74261230807835,65.89820038728259,0.049820855,58.92509956710052
1dL5WXVruORU0nUao9bgzC,Timber - Maceo Plex Remix,Timber (Maceo Plex Remix),"Coldcut,Maceo Plex",2020,2.0324546860275348,-0.41974184338674536,"trip hop,acid house,melodic techno,techno,minimal techno,tech house",????,0.839,0.61,-6.789,0.0338,0.00209,0.0598,0.0901,0.0534,128.008,"['trip hop', 'acid house', 'melodic techno', 'techno', 'minimal techno', 'tech house']",0.7091633304953575,0.45623936255772907,0.26166071742773056,1.66476172208786,1.0044134656588237,-0.0072041741805151105,-0.25069223033885163,-2.1912059982617698,0.3724717280517022,-0.29498936235904694,-1.1871829529603322,0.05795054386059443,-0.5642843643824259,-0.018482796847820282,0.13571881068249544,0.11238259077072144,0.6442422240382812,0.60441667,2020,0,0.0,100.0,0-5%,0,0.09420708067483204,55.185865108383226,0.13777704070820493,58.86103225833775,0,0.011090223057278647,2.8010471477380756,E,14.705882352941178,1,0,0,0,0,1,0,0,0,0,0,58.86103225833775,58.86103225833775,58.86103225833775,58.86103225833775,58.86103225833775,58.86103225833775,55.185865108383226,95.87666,58.84080450102101
5Wtu50yBIPxrXYXFARLgCq,Chicago Love,Chicago Love,"Felix Da Housecat,Chris Trucher",2020,0.4585028752392832,-1.2419910968556147,"electroclash,chicago house,acid house,disco house,funky house",????,0.66,0.832,-8.013,0.429,0.000943,0.0227,0.114,0.335,123.99,"['electroclash', 'chicago house', 'acid house', 'disco house', 'funky house']",0.7848626673221588,0.38287910223007204,0.345787039399147,1.8863287210464477,0.9172521531581879,0.22726168632507324,-0.5397828018292785,-2.1070027947425842,0.24821898341178894,-0.20565319433808327,-0.9212525606155395,0.047480370849370956,-0.7212287187576294,-0.1806855782866478,-0.04148170799016952,-0.26971439719200135,0.5232929609581036,0.69921887,2020,0,0.0,100.0,0-5%,0,0.13498162370080996,68.57177216137062,0.3229865273294338,69.08605970653464,0,,0.0,E,14.705882352941178,0,0,0,0,0,1,0,0,0,0,0,69.08605970653464,69.08605970653464,69.08605970653464,69.08605970653464,69.08605970653464,69.08605970653464,68.57177216137062,0.61908126,58.65648699014082
02IzZ88gNb3RUhmk43wkLD,Strut,Strut,"Odd Mob,OMNOM,Roland Clark",2022,-0.7172529650257569,0.6927130289534899,"tech house,bass house",Thrive Music,0.784,0.782,-9.731,0.118,0.0968,1.65e-05,0.303,0.499,127.997,"['tech house', 'bass house']",0.8028384745121002,1.0002418160438538,0.3855040706694126,2.0805062651634216,1.0355185270309448,0.18344734609127045,-0.656992495059967,-2.247841954231262,0.10460389591753483,0.34628088027238846,-0.7836341261863708,-0.09289871156215668,-0.6031015003100038,0.22585907205939293,-0.5942446645349264,0.2121557593345642,0.8276621592320037,0.77729815,2022,2,2.0,93.54838709677419,0-5%,0,0.1215066267208528,64.14805472085696,0.39180159418600813,72.88519527077806,0,,0.0,B,11.76470588235294,0,0,0,0,0,0,0,0,0,1,0,72.88519527077806,72.88519527077806,72.88519527077806,72.88519527077806,72.88519527077806,72.88519527077806,64.14805472085696,0.45976102,58.61782480613255
7MVwXNWOCJRlUgzqPw73tH,Back to Life,Back to Life,"Fabich,Jafunk,FHAT",2018,-0.7723389770321774,-1.2419910968556147,"funky house,nu disco",????,0.873,0.377,-9.248,0.128,0.0179,0.0,0.122,0.772,116.081,"['funky house', 'nu disco']",0.914018303155899,0.9975069910287857,0.19770816713571548,1.9822981357574463,1.169649600982666,0.37383631616830826,-0.333394605666399,-2.3293246626853943,0.06747287511825562,-0.10654758848249912,-1.062358558177948,-0.18720318377017975,-0.5311994552612305,0.1712513566017151,-0.23386875167489052,-0.17394986748695374,0.7576817225319689,0.74922526,2018,2,2.0,93.54838709677419,0-5%,0,0.11558770349281604,62.20492672224789,0.40552899244950874,73.64305614819456,0,,0.0,B,11.76470588235294,0,0,0,0,0,0,0,0,0,1,0,73.64305614819456,73.64305614819456,73.64305614819456,73.64305614819456,73.64305614819456,73.64305614819456,62.20492672224789,0.38789228,58.580337505141905
2GghS6kMPjDjwILF3RkbFw,In My Head,In My Head,Biscits,2021,-0.5054778522010734,0.0639341880655308,"tech house,house",????,0.859,0.79,-7.329,0.0672,0.0111,0.803,0.0751,0.777,124.993,"['tech house', 'house']",0.49916475266218185,0.9222853779792786,0.2867422588169575,2.0026920437812805,1.0622001886367798,0.13760080933570862,-0.5459423661231995,-2.249651551246643,-0.06830075196921825,0.12391948699951172,-0.8973332643508911,0.349883109331131,-0.3186939060688019,0.07420803606510162,-0.24038284085690975,0.029351115226745605,0.9198668048870094,0.84316564,2021,1,1.0,96.7741935483871,0-5%,0,0.10757094270453105,59.5730979679772,0.39943630120574136,73.30669143849524,0,,0.0,F,11.76470588235294,0,1,0,0,0,0,0,0,0,0,0,73.30669143849524,73.30669143849524,73.30669143849524,73.30669143849524,73.30669143849524,73.30669143849524,59.5730979679772,1.3970573,58.42682513668066
2JGVEYGtla0PJeHF15Esdo,Up N' Down,Up N' Down,"Deeper Purpose,BRN,JmNPR",2023,-0.49189486577389024,1.1280214572605383,"tech house,house,stutter house",Catch & Release,0.806,0.869,-6.583,0.0619,0.0257,0.487,0.112,0.838,128.005,"['tech house', 'house', 'stutter house']",0.32835770677775145,0.37544039885203045,0.6858851040403048,1.7158743937810261,0.9048013289769491,0.6261797547340393,-0.5939737955729166,-1.923815131187439,-0.7083357758820057,0.3508563240369161,-1.063671588897705,0.19979776938756308,-0.035691261291503906,0.06549260765314102,-0.04608217254281044,0.6883155504862467,0.697026474732806,0.7013611,2023,3,3.0,90.3225806451613,0-5%,0,0.09988430655593358,57.04964609336747,0.4240067620815854,74.66317506929407,0,,0.0,I,4.411764705882353,0,0,0,0,0,0,0,1,0,0,0,74.66317506929407,74.66317506929407,74.66317506929407,74.66317506929407,74.66317506929407,74.66317506929407,57.04964609336747,11.695732,58.42299306016398
4Oh56qqQwDZAOONFzXQY99,Traffic Jam - Dr. Kucho! Remix,Traffic Jam,Funky Truckerz,????,1.171781041370419,-1.2419910968556147,"funky house,disco house",????,0.847,0.65,-5.562,0.0699,0.0014,0.354,0.0703,0.543,127.987,"['funky house', 'disco house']",0.3153517544269562,0.3954678773880005,0.5498934686183929,1.9374648928642273,0.8171428740024567,-0.09020781517028809,-0.25887537375092506,-2.569450259208679,0.6471035182476044,-0.6926860455423594,-0.8312451243400574,0.10325354337692261,-0.9375275671482086,-0.3796018660068512,0.2822783850133419,-0.12028542160987854,0.7293997124764174,0.7454463,2011,9,9.0,70.96774193548387,5-10%,0,0.11240288930912333,61.15938154920241,0.5419488975000674,81.17451308957183,0,,0.0,E,14.705882352941178,0,0,0,0,0,1,0,0,0,0,0,81.17451308957183,81.17451308957183,81.17451308957183,81.17451308957183,81.17451308957183,81.17451308957183,61.15938154920241,0.011847265,58.23612155044947
20blT6R5DJhfrk9c16lQ4E,Studio 54,Studio 54,"Young Franco,Leyla Blue,Jafunk",2023,-0.9066117433646275,0.49924261637257933,"funky house,nu disco",????,0.798,0.715,-8.055,0.129,0.288,0.0636,0.1,0.803,119.044,"['funky house', 'nu disco']",0.914018303155899,0.9975069910287857,0.19770816713571548,1.9822981357574463,1.169649600982666,0.37383631616830826,-0.333394605666399,-2.3293246626853943,0.06747287511825562,-0.10654758848249912,-1.062358558177948,-0.18720318377017975,-0.5311994552612305,0.1712513566017151,-0.23386875167489052,-0.17394986748695374,0.8363572874476746,0.7579399,2023,3,3.0,90.3225806451613,0-5%,0,0.12743851595395014,66.09543933954585,0.35677150945624486,70.95125773653602,0,,0.0,J,5.88235294117647,0,0,0,0,1,0,0,0,0,0,0,70.95125773653602,70.95125773653602,70.95125773653602,70.95125773653602,70.95125773653602,70.95125773653602,66.09543933954585,6.589888,57.96099521092844
2uNvsQrKdB6qcmO9zBMflb,Work,Work,"Kevin McKay,Denise Belfon,Pupa Nas T",2022,-0.40509889698937374,0.9829186478248555,"tech house,disco house,funky house,soca,latin house",????,0.854,0.945,-5.532,0.108,0.00156,0.0175,0.273,0.394,127.97,"['tech house', 'disco house', 'funky house', 'soca', 'latin house']",0.6564227223396302,0.18947907537221909,0.6067435830831528,1.904044473171234,0.45947561264038084,0.3183432102203369,-0.6640120044350624,-2.1088982105255125,0.21018177792429923,0.2619904302060604,-0.9788613557815552,-0.07105228900909424,-0.4827280521392822,0.027738684415817262,0.09438910111784934,-0.12268035411834717,0.7100329512698118,0.64366615,2022,2,2.0,93.54838709677419,0-5%,0,0.11282308814056707,61.297328956679095,0.3866920762016425,72.60310949542013,0,,0.0,E,14.705882352941178,0,0,0,0,0,1,0,0,0,0,0,72.60310949542013,72.60310949542013,72.60310949542013,72.60310949542013,72.60310949542013,72.60310949542013,61.297328956679095,0.08425564,57.71673103090847
2H9SdFmXgiHM5MhwLOuBm3,Ménage À Trois,Ménage À Trois,"SIDEPIECE,Barney Bones",????,-0.8154284797571997,1.3698594729866764,"tech house,edm",Catch & Release,0.815,0.832,-4.846,0.0679,0.00212,0.0583,0.121,0.728,127.996,"['tech house', 'edm']",0.5316381677985191,-0.27651655673980713,0.40823234617710114,1.8946014046669006,1.1128445267677307,0.11876910924911499,0.0841270238161087,-1.7048724591732025,-0.7719178851693869,0.6091338098049164,-1.1685270071029663,0.5830978453159332,-0.78325554728508,0.4501759707927704,-0.27012852393090725,1.37062406539917,0.5641104605831916,0.62481856,2025,5,5.0,83.87096774193549,5-10%,0,0.09886805265951912,56.71601929610396,0.44783106287770763,75.97846476648243,0,,0.0,I,4.411764705882353,0,0,0,0,0,0,0,1,0,0,0,75.97846476648243,75.97846476648243,75.97846476648243,75.97846476648243,75.97846476648243,75.97846476648243,56.71601929610396,9.290431,57.660370458195736
3GiORO0zRwRT3g9CCklzkQ,It's That Time - FISHER Remix,It's That Time (FISHER Remix),"Marlon Hoffstadt,FISHER",2024,-0.8534549659120318,2.2404763296007735,"hard house,eurodance,techno,tech house,house",????,0.865,0.978,-4.29,0.0471,0.00136,0.381,0.0766,0.936,130.008,"['hard house', 'eurodance', 'techno', 'tech house', 'house']",0.5009983062744141,0.6814949125051498,0.03494427055120468,1.8150391578674316,1.1480165600776673,0.12060952186584473,-0.2733486250042915,-2.044336771965027,0.157756782323122,-0.5426251828670502,-1.249361276626587,0.16494589261710643,-0.39331843368709085,-0.0911710262298584,0.06378423944115638,-0.38247826397418977,0.7791799203634316,0.773099,2024,4,4.0,87.09677419354838,0-5%,0,0.12122138505850356,64.0544125094062,0.3769055445472925,72.06281560111748,0,,0.0,E,14.705882352941178,0,0,0,0,0,1,0,0,0,0,0,72.06281560111748,72.06281560111748,72.06281560111748,72.06281560111748,72.06281560111748,72.06281560111748,64.0544125094062,0.06583132,56.88756059507693
5qKuF0NtvWVn5UarAgyli3,Needle On The Record,Needle On The Record,Riordan,2023,-0.7074598962246154,1.0796538541153107,"tech house,latin house,uk garage,house",????,0.792,0.919,-9.028,0.0819,0.137,0.151,0.274,0.711,128.968,"['tech house', 'latin house', 'uk garage', 'house']",0.6393528133630753,0.268999258056283,0.35647844336926937,1.9250798523426056,1.009512722492218,0.05247494578361511,-0.5849547199904919,-1.9062694907188416,-0.1222987319342792,0.5799708962440491,-0.6863389145582914,0.37595807015895844,-0.388986486941576,0.1614757813513279,-0.08510905038565397,0.002471022307872772,0.7761963619084877,0.77870363,2023,3,3.0,90.3225806451613,0-5%,0,0.123215561139521,64.70908215587615,0.35002194370166206,70.57862836229042,0,,0.0,B,11.76470588235294,0,0,0,0,0,0,0,0,0,1,0,70.57862836229042,70.57862836229042,70.57862836229042,70.57862836229042,70.57862836229042,70.57862836229042,64.70908215587615,0.63704264,56.83050726878287
1W6DbYTweGGLyJ6wD9hYm2,Distance - Volac Remix,Renaissance (Remixes),"Apashe,Geoffroy,VOLAC",2021,-0.4257622721597822,-0.6132122559676558,"g-house,bass house,tech house,bassline",????,0.819,0.824,-5.434,0.0565,0.0398,0.263,0.255,0.463,126.007,"['g-house', 'bass house', 'tech house', 'bassline']",0.6704830825328827,-0.01130533218383789,0.31202484481036663,1.967555284500122,0.8904864443466067,0.19151297584176064,-0.5450563430786133,-1.7462269067764282,-0.1824237359687686,0.49714467115700245,-0.9372410550713539,0.034434426575899124,-0.5368285034783185,0.4680377971380949,-0.4972123047336936,0.1301550269126892,0.8016752176069971,0.662758,2021,1,1.0,96.7741935483871,0-5%,0,0.07754062787625406,49.714422107228565,0.18768295877824673,61.61623336278892,0,0.049105745385928254,37.422108874213414,B,11.76470588235294,1,0,0,0,0,0,0,0,0,1,0,61.61623336278892,61.61623336278892,61.61623336278892,61.61623336278892,61.61623336278892,61.61623336278892,49.714422107228565,59.91765,56.6886038503643
7HQBpx4quUib53O5LRtnBB,LEFT TO RIGHT - Extended Mix,LEFT TO RIGHT,Odd Mob,2022,0.10903721507055127,-1.2419910968556147,"tech house,bass house",Insomniac Records,0.664,0.772,-5.798,0.356,0.107,0.816,0.0821,0.189,127.982,"['tech house', 'bass house']",0.8028384745121002,1.0002418160438538,0.3855040706694126,2.0805062651634216,1.0355185270309448,0.18344734609127045,-0.656992495059967,-2.247841954231262,0.10460389591753483,0.34628088027238846,-0.7836341261863708,-0.09289871156215668,-0.6031015003100038,0.22585907205939293,-0.5942446645349264,0.2121557593345642,0.7056367610657952,0.6966142,2022,2,2.0,93.54838709677419,0-5%,0,0.12449081828846555,65.12773733623105,0.2888982030144047,67.2041147903056,0,,0.0,J,5.88235294117647,0,0,0,0,1,0,0,0,0,0,0,67.2041147903056,67.2041147903056,67.2041147903056,67.2041147903056,67.2041147903056,67.2041147903056,65.12773733623105,10.891773,56.53970896674628
5u4hhtZ7f4rWkMZEZcTKrH,Relax My Eyes,Relax My Eyes,"ANOTR,Abel Balder",2022,-0.653353191098309,2.3372115358912287,"house,tech house",????,0.747,0.616,-9.76,0.0324,0.176,0.116,0.143,0.908,131.975,"['house', 'tech house']",0.49916475266218185,0.9222853779792786,0.2867422588169575,2.0026920437812805,1.0622001886367798,0.13760080933570862,-0.5459423661231995,-2.249651551246643,-0.06830075196921825,0.12391948699951172,-0.8973332643508911,0.349883109331131,-0.3186939060688019,0.07420803606510162,-0.24038284085690975,0.029351115226745605,0.784088439545507,0.7565231,2022,2,2.0,93.54838709677419,0-5%,0,0.1289426790994432,66.5892422509671,0.3023125766704779,67.94469423542996,0,,0.0,B,11.76470588235294,0,0,0,0,0,0,0,0,0,1,0,67.94469423542996,67.94469423542996,67.94469423542996,67.94469423542996,67.94469423542996,67.94469423542996,66.5892422509671,0.29089218,56.29435199556518
5BoA4ehsprvSzDBuFOPgdA,Fine Night,Fine Night,Cloonee,2023,-0.9513268955106392,1.6116974887128144,"tech house,house,latin house,techno",Hellbent Records,0.808,0.515,-10.908,0.0357,0.173,0.000981,0.079,0.316,127.968,"['tech house', 'house', 'latin house', 'techno']",0.623221144080162,0.5350772310048342,0.3080470319837332,2.0065562427043915,0.8406723588705063,0.10774435847997665,-0.5847871117293835,-2.0534783601760864,0.059243843890726566,-0.039847612380981445,-0.9764913618564606,0.024661250412464142,-0.5666581839323044,-0.03629537671804428,-0.26509044598788023,-0.25306442379951477,0.6816976235824155,0.702971,2023,3,3.0,90.3225806451613,0-5%,0,0.13298850976844792,67.91745120852474,0.2803423194134593,66.73176239486833,0,,0.0,B,11.76470588235294,0,0,0,0,0,0,0,0,0,1,0,66.73176239486833,66.73176239486833,66.73176239486833,66.73176239486833,66.73176239486833,66.73176239486833,67.91745120852474,0.13880534,55.32133175085862
