Track ID,Track Name,Album Name,Artist Name(s),Release Date,Duration (ms),Popularity,Genres,Record Label,Danceability,Energy,Loudness,Speechiness,Acousticness,Instrumentalness,Liveness,Valence,Tempo,genres_list,genre_dim_0,genre_dim_1,genre_dim_2,genre_dim_3,genre_dim_4,genre_dim_5,genre_dim_6,genre_dim_7,genre_dim_8,genre_dim_9,genre_dim_10,genre_dim_11,genre_dim_12,genre_dim_13,genre_dim_14,genre_dim_15,similarity_score,fit_probability,Release Year,year_distance,year_penalty,recency_bonus,year_adjustment,year_score,year_adjustment_bin,fit_score,ridge_fitness_score,fitness_score_normalized,cosine_similarity,cosine_score_normalized,is_playlist_song,glm_probability,glm_score_normalized,cluster,cluster_score,has_metadata_match,cluster_A,cluster_D,cluster_E,cluster_B,cluster_C,cosine_score_normalized_2,cosine_score_normalized_3,cosine_score_normalized_4,cosine_score_normalized_5,cosine_score_normalized_6,cosine_score_normalized_7,fitness_score_normalized_2,nn_score,base_score
0YWyKtLAlmVjryfY6CSxYE,Kai Tangata,TÅ«,Alien Weaponry,????,2.068745638846318,0.1513734197116882,"['groove metal', 'metal', 'folk metal', 'thrash metal']",????,0.515,0.926,-6.713,0.102,0.000705,0.0056,0.189,0.142,90.956,"['groove metal', 'metal', 'folk metal', 'thrash metal']",0.15761203691363335,0.4904103949666023,0.7145441272296011,1.3488231897354126,0.5574456788599491,0.2815680759958923,-1.3213345557451248,-0.7912977039813995,0.7297814870253205,0.7341572158038616,-0.9540105722844601,1.19322170317173,-0.8908922299742699,-0.9516201168298721,0.3683587908744812,0.4325117841362953,0.7587552358864013,0.7004001,2018,0,0.0,0.0,0.0,100.0,No adj.,0,0.6117572599598156,96.31507972015932,0.7117141208695563,94.15258678948123,0,,0.0,C,23.0,0,0,0,0,0,1,94.15258678948123,94.15258678948123,94.15258678948123,94.15258678948123,94.15258678948123,94.15258678948123,96.31507972015932,0.00081181864,80.57036259466264
3orHIz1YV1bmUHsi2fze48,Night of the Witch,Titans of Creation,Testament,2020,2.0213602736066036,-0.23004983328325115,"['thrash metal', 'metal', 'speed metal', 'groove metal', 'heavy metal']",Nuclear Blast,0.437,0.995,-4.997,0.142,7.83e-06,0.165,0.316,0.038,118.049,"['thrash metal', 'metal', 'speed metal', 'groove metal', 'heavy metal']",0.21082524582743645,0.32098531238734723,0.7800481092184782,1.6634166955947876,0.47666769167408346,0.3563791058491915,-0.8276549987494946,-0.742899747658521,0.5338069287769031,0.7922127828001976,-1.0212371127679944,0.7815306561067701,-0.41942432150244713,-1.0645564157515763,0.14283786062151194,-0.10662949942052365,0.8020301818010646,0.7439268,2020,2,8.0,0.0,8.0,95.34883720930233,0-5%,0,0.6282998715134409,97.49453523208736,0.7727165331886128,98.01413080295622,0,,0.0,C,23.0,0,0,0,0,0,1,98.01413080295622,98.01413080295622,98.01413080295622,98.01413080295622,98.01413080295622,98.01413080295622,97.49453523208736,0.00016587248,76.52755093674598
224yEQIVV5jtW5sFX1f0GO,Kill the Silence,Downfall of Mankind,Nervosa,????,-0.4990471571241693,-1.056466881438953,"['thrash metal', 'speed metal', 'death metal', 'metal', 'groove metal']",????,0.45,0.993,-4.441,0.119,1.56e-06,0.0172,0.0901,0.108,109.982,"['thrash metal', 'speed metal', 'death metal', 'metal', 'groove metal']",0.3573843687772751,0.42210603356361387,0.7236348111182451,1.7762235164642335,0.28872586637735365,0.17371395230293274,-0.6861195586621761,-0.8320818185806275,0.27118854895234107,0.47438748776912687,-1.1364999532699585,0.7032401703298092,-0.6075525045394897,-1.0842565178871155,-0.05086880326271057,0.05957679152488708,0.7306161551602746,0.6721917,2018,0,0.0,0.0,0.0,100.0,No adj.,0,0.5386422762631474,91.1021258739049,0.6200206745184799,88.34825438078929,0,,0.0,C,23.0,0,0,0,0,0,1,88.34825438078929,88.34825438078929,88.34825438078929,88.34825438078929,88.34825438078929,88.34825438078929,91.1021258739049,0.0007505276,75.78452162333056
0KFBWumneVmEuoIxTbgNrA,Born of Hate,Years of Aggression,Suicidal Angels,2019,0.16321644780152433,-0.9928963392731298,"['thrash metal', 'speed metal', 'groove metal', 'metal']",????,0.535,0.981,-7.099,0.125,0.000259,0.0419,0.251,0.222,109.533,"['thrash metal', 'speed metal', 'groove metal', 'metal']",0.14695337042212486,0.45330944657325745,0.9784907051362097,1.640426516532898,0.3213419262319803,0.42490845173597336,-0.7769612548872828,-0.7988514006137848,0.6207264112308621,0.67963532730937,-1.1100034415721893,0.7935394896194339,-0.49723467230796814,-1.0621315389871597,0.06513728946447372,-0.21163583546876907,0.6788081928974834,0.67366797,2019,1,4.0,0.0,4.0,97.67441860465117,No adj.,0,0.5995812508616509,95.44695433393703,0.6682965221861303,91.40418780160928,0,,0.0,C,23.0,0,0,0,0,0,1,91.40418780160928,91.40418780160928,91.40418780160928,91.40418780160928,91.40418780160928,91.40418780160928,95.44695433393703,0.00016487634,75.55608912793646
7pqsRGZ99q4Cl6uI9TmlJ2,In Thrash We Trust,In Thrash We Trust,Artillery,2021,0.051983649549534154,-1.882883929594655,"['thrash metal', 'speed metal', 'groove metal', 'metal']",Metal Blade Records,0.505,0.971,-5.516,0.0636,1.23e-06,0.539,0.0636,0.209,102.015,"['thrash metal', 'speed metal', 'groove metal', 'metal']",0.14695337042212486,0.45330944657325745,0.9784907051362097,1.640426516532898,0.3213419262319803,0.42490845173597336,-0.7769612548872828,-0.7988514006137848,0.6207264112308621,0.67963532730937,-1.1100034415721893,0.7935394896194339,-0.49723467230796814,-1.0621315389871597,0.06513728946447372,-0.21163583546876907,0.6315131295167059,0.69049513,2021,3,12.0,0.0,12.0,93.02325581395348,5-10%,0,0.6634406038239969,100.0,0.8040881325144384,100.0,0,,0.0,C,23.0,0,0,0,0,0,1,100.0,100.0,100.0,100.0,100.0,100.0,100.0,1.4159723e-05,74.80000062302781
1PvRLb0mSiLW9ZnhYVCTXd,The Morning After (2017 Remaster),The Morning After + Alien E.P.,Tankard,2017,0.29245678875526954,-1.4378901344338924,"['thrash metal', 'speed metal', 'groove metal', 'metal']",????,0.365,0.999,-7.431,0.0907,9.28e-06,0.128,0.226,0.0761,127.358,"['thrash metal', 'speed metal', 'groove metal', 'metal']",0.14695337042212486,0.45330944657325745,0.9784907051362097,1.640426516532898,0.3213419262319803,0.42490845173597336,-0.7769612548872828,-0.7988514006137848,0.6207264112308621,0.67963532730937,-1.1100034415721893,0.7935394896194339,-0.49723467230796814,-1.0621315389871597,0.06513728946447372,-0.21163583546876907,0.7398027359743561,0.7294397,2017,1,4.0,0.0,4.0,97.67441860465117,No adj.,0,0.5458044961022426,91.61277799430783,0.6365918464313616,89.39723436803583,0,,0.0,C,23.0,0,0,0,0,0,1,89.39723436803583,89.39723436803583,89.39723436803583,89.39723436803583,89.39723436803583,89.39723436803583,91.61277799430783,0.00012285434,73.47987961163103
1KeXxoAqApT6LiH9GQw0tR,Phantom Force,Phantom Force,Havok,2020,-0.9077286837125819,-1.8193133874288319,"['thrash metal', 'speed metal', 'groove metal', 'metal']",Century Media,0.308,0.984,-5.367,0.122,1.58e-05,0.49,0.255,0.158,113.723,"['thrash metal', 'speed metal', 'groove metal', 'metal']",0.14695337042212486,0.45330944657325745,0.9784907051362097,1.640426516532898,0.3213419262319803,0.42490845173597336,-0.7769612548872828,-0.7988514006137848,0.6207264112308621,0.67963532730937,-1.1100034415721893,0.7935394896194339,-0.49723467230796814,-1.0621315389871597,0.06513728946447372,-0.21163583546876907,0.7345605389800675,0.71760213,2020,2,8.0,0.0,8.0,95.34883720930233,0-5%,0,0.49312998333703895,87.85718933059239,0.6807797760906983,92.19439645978088,0,,0.0,C,23.0,0,0,0,0,0,1,92.19439645978088,92.19439645978088,92.19439645978088,92.19439645978088,92.19439645978088,92.19439645978088,87.85718933059239,9.334007e-05,71.09846468547885
7y2XV9uAnhqMAUAYhHklRP,Blood On Your Hands,No Absolution,Lost Society,2020,-0.15179825897116936,-0.8021847127756602,"['thrash metal', 'groove metal', 'metal']",Nuclear Blast,0.491,0.939,-6.469,0.0832,7e-06,0.0873,0.0917,0.299,94.654,"['thrash metal', 'groove metal', 'metal']",0.15095957120259604,0.46079952518145245,0.8917421431591114,1.5198176701863606,0.4037710477908452,0.3699130316575368,-1.0540592869122822,-0.6827058792114258,0.8993935249745846,0.48339563111464184,-1.2408836483955383,1.0731344819068909,-0.7528039515018463,-0.9534660379091898,0.20975255966186523,0.251038779815038,0.7142433491131716,0.7163084,2020,2,8.0,0.0,8.0,95.34883720930233,0-5%,0,0.4955901102772773,88.03259151967849,0.6426299899342562,89.77945789018369,0,,0.0,C,23.0,0,0,0,0,0,1,89.77945789018369,89.77945789018369,89.77945789018369,89.77945789018369,89.77945789018369,89.77945789018369,88.03259151967849,0.00048584747,69.8057791538918
7KmMhTk07elK9dxu49Owi2,Humanicide,Humanicide,Death Angel,2019,1.3343690698138257,-0.484332001946544,"['thrash metal', 'speed metal', 'metal', 'groove metal', 'heavy metal']",Nuclear Blast,0.424,0.989,-4.662,0.164,9.7e-06,0.576,0.105,0.185,179.997,"['thrash metal', 'speed metal', 'metal', 'groove metal', 'heavy metal']",0.21082524582743645,0.32098531238734723,0.7800481092184782,1.6634166955947876,0.47666769167408346,0.3563791058491915,-0.8276549987494946,-0.742899747658521,0.5338069287769031,0.7922127828001976,-1.0212371127679944,0.7815306561067701,-0.41942432150244713,-1.0645564157515763,0.14283786062151194,-0.10662949942052365,0.6915095636372511,0.7120981,2019,1,4.0,0.0,4.0,97.67441860465117,No adj.,0,0.5836592668038637,94.31174833596555,0.5049161126309434,81.06196331485995,0,,0.0,C,23.0,0,0,0,0,0,1,81.06196331485995,81.06196331485995,81.06196331485995,81.06196331485995,81.06196331485995,81.06196331485995,94.31174833596555,0.0020390349,69.32660834366531
1hUZ1kwAI0F0R3VvnbxsJ3,New World Beyond,Primal Future: 2019,Toxic Holocaust,2019,0.11817689272219224,-1.1836079657705996,"['thrash metal', 'speed metal', 'groove metal', 'metal']",????,0.562,0.963,-5.333,0.0378,0.00334,0.00152,0.14,0.316,95.02,"['thrash metal', 'speed metal', 'groove metal', 'metal']",0.14695337042212486,0.45330944657325745,0.9784907051362097,1.640426516532898,0.3213419262319803,0.42490845173597336,-0.7769612548872828,-0.7988514006137848,0.6207264112308621,0.67963532730937,-1.1100034415721893,0.7935394896194339,-0.49723467230796814,-1.0621315389871597,0.06513728946447372,-0.21163583546876907,0.6327016986019065,0.6753307,2019,1,4.0,0.0,4.0,97.67441860465117,No adj.,0,0.5279782934483124,90.3418049735869,0.507968755028529,81.25520014808588,0,,0.0,C,23.0,0,0,0,0,0,1,81.25520014808588,81.25520014808588,81.25520014808588,81.25520014808588,81.25520014808588,81.25520014808588,90.3418049735869,0.0006338354,68.4850589030561
2CXrH4eUWhusFmDk3PWpKX,Remain Violent,Woe to the Vanquished,Warbringer,2017,-0.5709807357481148,-0.2936203754490744,"['thrash metal', 'speed metal', 'groove metal', 'metal']",????,0.475,0.969,-4.283,0.0919,0.000251,0.374,0.0878,0.297,163.083,"['thrash metal', 'speed metal', 'groove metal', 'metal']",0.14695337042212486,0.45330944657325745,0.9784907051362097,1.640426516532898,0.3213419262319803,0.42490845173597336,-0.7769612548872828,-0.7988514006137848,0.6207264112308621,0.67963532730937,-1.1100034415721893,0.7935394896194339,-0.49723467230796814,-1.0621315389871597,0.06513728946447372,-0.21163583546876907,0.6714395569896282,0.7113348,2017,1,4.0,0.0,4.0,97.67441860465117,No adj.,0,0.5152486643107483,89.43420757263063,0.5121019227460234,81.51683585148565,0,,0.0,C,23.0,0,0,0,0,0,1,81.51683585148565,81.51683585148565,81.51683585148565,81.51683585148565,81.51683585148565,81.51683585148565,89.43420757263063,0.0006809679,68.41793995434435
79LfJ1f6u9HJcNFnIu4UN3,Hallowed Sound,Mourn the Southern Skies,Exhorder,2019,0.8565551379106296,-0.9928963392731298,"['groove metal', 'thrash metal', 'speed metal', 'metal']",Nuclear Blast,0.492,0.985,-4.858,0.0859,1.6e-05,0.00174,0.249,0.342,97.012,"['groove metal', 'thrash metal', 'speed metal', 'metal']",0.14695337042212486,0.45330944657325745,0.9784907051362097,1.640426516532898,0.3213419262319803,0.42490845173597336,-0.7769612548872828,-0.7988514006137848,0.6207264112308621,0.67963532730937,-1.1100034415721893,0.7935394896194339,-0.49723467230796814,-1.0621315389871597,0.06513728946447372,-0.21163583546876907,0.6902588486920005,0.71252525,2019,1,4.0,0.0,4.0,97.67441860465117,No adj.,0,0.44612195849707564,84.50561005771789,0.48916793441133066,80.06508006032536,0,,0.0,C,23.0,0,0,0,0,0,1,80.06508006032536,80.06508006032536,80.06508006032536,80.06508006032536,80.06508006032536,80.06508006032536,84.50561005771789,0.0012514085,66.39889259620958
46pYNjo4mtvlVg9E8WMZTj,Egyptron,BATS,"Gama Bomb,The Egyptian Lover",2023,0.7526081500391197,-1.6921723030971854,"['thrash metal', 'speed metal', 'groove metal', 'metal']",????,0.493,0.961,-4.198,0.0827,0.000816,0.708,0.262,0.299,106.017,"['thrash metal', 'speed metal', 'groove metal', 'metal']",0.14695337042212486,0.45330944657325745,0.9784907051362097,1.640426516532898,0.3213419262319803,0.42490845173597336,-0.7769612548872828,-0.7988514006137848,0.6207264112308621,0.67963532730937,-1.1100034415721893,0.7935394896194339,-0.49723467230796814,-1.0621315389871597,0.06513728946447372,-0.21163583546876907,0.6415911634292352,0.6785434,2023,5,20.0,1.6666666666666665,18.333333333333332,88.37209302325581,5-10%,0,0.6280676448908136,97.477977932825,0.6991649934231391,93.35820823750537,0,,0.0,C,23.0,0,0,0,0,0,1,93.35820823750537,93.35820823750537,93.35820823750537,93.35820823750537,93.35820823750537,93.35820823750537,97.477977932825,6.674885e-05,65.64727858990737
2bdvS1A5vGy90aOpjCHFux,Poison for the Lost,Poison for the Lost,Sylosis,2023,0.18592940970733945,-1.1836079657705996,"['melodic death metal', 'metal', 'metalcore', 'thrash metal', 'groove metal', 'melodic metal', 'death metal']",Nuclear Blast,0.497,0.944,-5.921,0.097,7.08e-05,0.0141,0.0935,0.129,101.067,"['melodic death metal', 'metal', 'metalcore', 'thrash metal', 'groove metal', 'melodic metal', 'death metal']",0.31038723247391836,-0.014426559209823608,0.24127585467483317,1.7578974536487035,0.7410443659339633,-0.0282043633716447,-1.046654428754534,-0.7937739832060677,0.2554771266877651,0.5248998297112328,-0.9932510065180915,0.6796329173126391,-0.8013256660529545,-0.8973837409700666,0.2957373176302229,0.1791387583528246,0.8487741304841202,0.748009,2023,5,20.0,1.6666666666666665,18.333333333333332,88.37209302325581,5-10%,0,0.5884743027955984,94.65505088660416,0.7172113077371216,94.50056694686214,0,,0.0,B,34.5,0,0,0,0,1,0,94.50056694686214,94.50056694686214,94.50056694686214,94.50056694686214,94.50056694686214,94.50056694686214,94.65505088660416,0.19976589,65.63884113415752
7H5NXIEFkEjjgMQV9JDtgN,Born to Perish,Born to Perish,Destruction,2019,1.0292619612479215,-1.2471785079364228,"['thrash metal', 'speed metal', 'groove metal', 'metal', 'heavy metal']",Nuclear Blast,0.479,0.994,-4.416,0.113,2.51e-05,0.0763,0.336,0.36,105.972,"['thrash metal', 'speed metal', 'groove metal', 'metal', 'heavy metal']",0.21082524582743645,0.32098531238734723,0.7800481092184782,1.6634166955947876,0.47666769167408346,0.3563791058491915,-0.8276549987494946,-0.742899747658521,0.5338069287769031,0.7922127828001976,-1.0212371127679944,0.7815306561067701,-0.41942432150244713,-1.0645564157515763,0.14283786062151194,-0.10662949942052365,0.783753355453624,0.72060686,2019,1,4.0,0.0,4.0,97.67441860465117,No adj.,0,0.43794292125629675,83.92246086603012,0.47213728108999276,78.98701421213208,0,,0.0,C,23.0,0,0,0,0,0,1,78.98701421213208,78.98701421213208,78.98701421213208,78.98701421213208,78.98701421213208,78.98701421213208,83.92246086603012,0.008556041,65.63832148401696
0WSImTNa6ISr9GrONB9t5D,Fear Campaign,Fear Campaign,Havok,2020,-0.11252663710971741,-1.7557428452630086,"['thrash metal', 'speed metal', 'groove metal', 'metal']",Century Media,0.446,0.987,-4.291,0.13,8.68e-06,0.779,0.0728,0.351,152.042,"['thrash metal', 'speed metal', 'groove metal', 'metal']",0.14695337042212486,0.45330944657325745,0.9784907051362097,1.640426516532898,0.3213419262319803,0.42490845173597336,-0.7769612548872828,-0.7988514006137848,0.6207264112308621,0.67963532730937,-1.1100034415721893,0.7935394896194339,-0.49723467230796814,-1.0621315389871597,0.06513728946447372,-0.21163583546876907,0.6308792219790267,0.68533206,2020,2,8.0,0.0,8.0,95.34883720930233,0-5%,0,0.5426888796986573,91.39064070187672,0.4973421598178822,80.58252076444656,0,,0.0,C,23.0,0,0,0,0,0,1,80.58252076444656,80.58252076444656,80.58252076444656,80.58252076444656,80.58252076444656,80.58252076444656,91.39064070187672,0.0005324659,65.50142331683885
5epOdgJW9Y2bu61k4dumrY,Ninja Untouchables/Untouchable Glory,Untouchable Glory,Gama Bomb,????,-1.0852789150868973,-0.484332001946544,"['thrash metal', 'speed metal', 'groove metal', 'metal']",AFM Records,0.469,0.995,-3.894,0.122,4.22e-05,0.577,0.263,0.298,155.019,"['thrash metal', 'speed metal', 'groove metal', 'metal']",0.14695337042212486,0.45330944657325745,0.9784907051362097,1.640426516532898,0.3213419262319803,0.42490845173597336,-0.7769612548872828,-0.7988514006137848,0.6207264112308621,0.67963532730937,-1.1100034415721893,0.7935394896194339,-0.49723467230796814,-1.0621315389871597,0.06513728946447372,-0.21163583546876907,0.6828853360546614,0.69127244,2015,3,12.0,0.0,12.0,93.02325581395348,5-10%,0,0.5663655317225318,93.07873920089763,0.5574457923162185,84.38717066989871,0,,0.0,C,23.0,0,0,0,0,0,1,84.38717066989871,84.38717066989871,84.38717066989871,84.38717066989871,84.38717066989871,84.38717066989871,93.07873920089763,0.0004521834,65.03376863397415
01zm9AlUjboMitrlL3oVAz,Last Man Standing,The Wings of War,Overkill,2019,1.4324239345177883,-0.5479025441123673,"['thrash metal', 'speed metal', 'groove metal', 'metal', 'heavy metal']",Nuclear Blast,0.374,0.984,-3.434,0.174,4.38e-05,0.448,0.124,0.171,175.001,"['thrash metal', 'speed metal', 'groove metal', 'metal', 'heavy metal']",0.21082524582743645,0.32098531238734723,0.7800481092184782,1.6634166955947876,0.47666769167408346,0.3563791058491915,-0.8276549987494946,-0.742899747658521,0.5338069287769031,0.7922127828001976,-1.0212371127679944,0.7815306561067701,-0.41942432150244713,-1.0645564157515763,0.14283786062151194,-0.10662949942052365,0.7356282714940285,0.73047525,2019,1,4.0,0.0,4.0,97.67441860465117,No adj.,0,0.4983020226997706,88.22594551606576,0.41361295675960585,75.28233687775597,0,,0.0,C,23.0,0,0,0,0,0,1,75.28233687775597,75.28233687775597,75.28233687775597,75.28233687775597,75.28233687775597,75.28233687775597,88.22594551606576,0.0063426313,64.53715741175674
5tvgcfeDFKP94xaFFVZdrX,Tiny Raindrop,The Things We Think We're Missing,Balance And Composure,2013,-0.4392565958010241,0.024232335380041745,"['pop punk', 'post-hardcore', 'emo pop', 'midwest emo', 'emo', 'melodic hardcore']",????,0.512,0.951,-4.247,0.0663,2.76e-05,1.6e-05,0.252,0.142,110.173,"['pop punk', 'post-hardcore', 'emo pop', 'midwest emo', 'emo', 'melodic hardcore']",-0.3724597270290057,0.0003027617931365967,0.33028576523065567,1.7550868193308513,0.38017146786053974,0.18182019578913847,-1.0345671822627385,-0.3490927343567212,0.6306482404470444,0.6809239462018013,-1.5974384049574535,0.5022426893313726,-0.7513724702099959,-0.6055387010176977,0.6043233300248781,0.3732780910407503,0.8377121603802937,0.7361253,2013,5,20.0,0.0,20.0,88.37209302325581,10-20%,0,0.5877242668473792,94.60157480573244,0.6705860343391254,91.54911734803336,0,,0.0,C,23.0,0,0,0,0,0,1,91.54911734803336,91.54911734803336,91.54911734803336,91.54911734803336,91.54911734803336,91.54911734803336,94.60157480573244,0.001602386,62.86395538364399
3FzPWVOfYBi646pFcei6f3,666Teen,Speed Between the Lines,Gama Bomb,????,-0.9553348310850376,-0.5479025441123673,"['thrash metal', 'speed metal', 'groove metal', 'metal']",AFM Records,0.509,0.988,-3.535,0.0988,1.06e-05,0.0419,0.0515,0.393,95.1,"['thrash metal', 'speed metal', 'groove metal', 'metal']",0.14695337042212486,0.45330944657325745,0.9784907051362097,1.640426516532898,0.3213419262319803,0.42490845173597336,-0.7769612548872828,-0.7988514006137848,0.6207264112308621,0.67963532730937,-1.1100034415721893,0.7935394896194339,-0.49723467230796814,-1.0621315389871597,0.06513728946447372,-0.21163583546876907,0.6514841691321637,0.7112921,2018,0,0.0,0.0,0.0,100.0,No adj.,0,0.40672622987674384,81.69677246172847,0.34017877741077973,70.63384340235412,0,,0.0,C,23.0,0,0,0,0,0,1,70.63384340235412,70.63384340235412,70.63384340235412,70.63384340235412,70.63384340235412,70.63384340235412,81.69677246172847,0.004030743,62.804700694001994
7f9GwtBThFbtYnxc7X47XE,Empire of the Blind,Empire of the Blind,Heathen,2020,1.463154047618791,-0.7386141706098369,"['thrash metal', 'speed metal', 'groove metal', 'metal']",Nuclear Blast,0.474,0.974,-3.715,0.0688,2.26e-06,0.0177,0.499,0.227,105.018,"['thrash metal', 'speed metal', 'groove metal', 'metal']",0.14695337042212486,0.45330944657325745,0.9784907051362097,1.640426516532898,0.3213419262319803,0.42490845173597336,-0.7769612548872828,-0.7988514006137848,0.6207264112308621,0.67963532730937,-1.1100034415721893,0.7935394896194339,-0.49723467230796814,-1.0621315389871597,0.06513728946447372,-0.21163583546876907,0.6715754844459721,0.725674,2020,2,8.0,0.0,8.0,95.34883720930233,0-5%,0,0.5137779497836432,89.32934853330399,0.42124256023311185,75.76530219827825,0,,0.0,C,23.0,0,0,0,0,0,1,75.76530219827825,75.76530219827825,75.76530219827825,75.76530219827825,75.76530219827825,75.76530219827825,89.32934853330399,0.001991482,62.36828858428087
7DDtR2AfAcLGtSDJ0BQbhU,No Absolution,No Absolution,Lost Society,2020,0.0644992366993363,-0.23004983328325115,"['thrash metal', 'groove metal', 'metal']",Nuclear Blast,0.517,0.924,-6.049,0.0519,2.7e-05,0.0256,0.178,0.374,124.032,"['thrash metal', 'groove metal', 'metal']",0.15095957120259604,0.46079952518145245,0.8917421431591114,1.5198176701863606,0.4037710477908452,0.3699130316575368,-1.0540592869122822,-0.6827058792114258,0.8993935249745846,0.48339563111464184,-1.2408836483955383,1.0731344819068909,-0.7528039515018463,-0.9534660379091898,0.20975255966186523,0.251038779815038,0.7499229940964944,0.7083487,2020,2,8.0,0.0,8.0,95.34883720930233,0-5%,0,0.459265859196318,85.44274420232996,0.4289843068944978,76.25536635045893,0,,0.0,C,23.0,0,0,0,0,0,1,76.25536635045893,76.25536635045893,76.25536635045893,76.25536635045893,76.25536635045893,76.25536635045893,85.44274420232996,0.004479314,61.74499944045048
0cXs8TirSU9BYB2ng46IyU,Strike Back,Strike Back,The Lightbringer of Sweden,2022,1.2728674469619314,-1.9464544717604781,"['power metal', 'melodic metal']",????,0.435,0.977,-5.32,0.0559,1e-05,0.0567,0.342,0.264,90.022,"['power metal', 'melodic metal']",-0.1575498878955841,-0.495738685131073,-0.6634054332971573,2.090005099773407,1.401527762413025,0.14144039526581764,-1.113301932811737,-0.20398041605949402,0.2784484624862671,1.2985814213752747,-1.0987816154956818,1.1704431436955929,-1.1095758527517319,-0.45298463106155396,0.507209986448288,0.32021427154541016,0.7438681518130439,0.7122453,2022,4,16.0,0.0,16.0,90.69767441860465,5-10%,0,0.4672719819330836,86.01356493159874,0.5763973187987858,85.58683066452663,0,,0.0,B,34.5,0,0,0,0,1,0,85.58683066452663,85.58683066452663,85.58683066452663,85.58683066452663,85.58683066452663,85.58683066452663,86.01356493159874,3.70445,61.3541981835196
2OsCkXO8524Qxwe1pR3eAb,666 - World Divided,666 - World Divided,Kreator,2020,0.5400363528586324,-0.03933820678578148,"['thrash metal', 'speed metal', 'metal', 'groove metal', 'heavy metal']",Nuclear Blast,0.445,0.959,-5.875,0.0612,3.16e-05,0.00678,0.178,0.365,97.974,"['thrash metal', 'speed metal', 'metal', 'groove metal', 'heavy metal']",0.21082524582743645,0.32098531238734723,0.7800481092184782,1.6634166955947876,0.47666769167408346,0.3563791058491915,-0.8276549987494946,-0.742899747658521,0.5338069287769031,0.7922127828001976,-1.0212371127679944,0.7815306561067701,-0.41942432150244713,-1.0645564157515763,0.14283786062151194,-0.10662949942052365,0.7675046667270307,0.7332746,2020,2,8.0,0.0,8.0,95.34883720930233,0-5%,0,0.3898436473833661,80.49307769365358,0.4441177405372084,77.21333535307286,0,,0.0,C,23.0,0,0,0,0,0,1,77.21333535307286,77.21333535307286,77.21333535307286,77.21333535307286,77.21333535307286,77.21333535307286,80.49307769365358,0.00700546,61.13549123560626
3gHapN83fKiF4n0Ccrho8P,Sodom & Gomorrah,Genesis XIX,Sodom,2020,0.008931133664878481,-1.9464544717604781,"['thrash metal', 'speed metal', 'metal', 'groove metal', 'black metal', 'heavy metal']",????,0.259,0.997,-5.629,0.106,0.000106,0.301,0.338,0.0352,175.095,"['thrash metal', 'speed metal', 'metal', 'groove metal', 'black metal', 'heavy metal']",0.3628926817327738,0.25237342187513906,0.5198797493552169,1.7703834970792134,0.39462350751273334,0.18169291003141552,-0.7404420816649994,-0.8038203086859236,0.2708982699308156,0.6285433309773604,-1.089008908874045,0.7102391286753118,-0.6149105845640103,-1.0717772111917536,0.05368618372206887,0.14956916651378074,0.7680631613902491,0.74255943,2020,2,8.0,0.0,8.0,95.34883720930233,0-5%,0,0.4857639090774726,87.3320027928711,0.3937813673406684,74.0269675819016,0,,0.0,C,23.0,0,0,0,0,0,1,74.0269675819016,74.0269675819016,74.0269675819016,74.0269675819016,74.0269675819016,74.0269675819016,87.3320027928711,0.01747049,60.95005039012937
19ZMUBNaw5HopQ5ljdZj8T,The Man That Never Was,The Man That Never Was,Exhorder,2020,-0.5875393957037517,-0.3571909176148976,"['groove metal', 'thrash metal', 'speed metal', 'metal']",Nuclear Blast,0.476,0.984,-4.457,0.088,1.4e-05,0.00861,0.363,0.351,93.992,"['groove metal', 'thrash metal', 'speed metal', 'metal']",0.14695337042212486,0.45330944657325745,0.9784907051362097,1.640426516532898,0.3213419262319803,0.42490845173597336,-0.7769612548872828,-0.7988514006137848,0.6207264112308621,0.67963532730937,-1.1100034415721893,0.7935394896194339,-0.49723467230796814,-1.0621315389871597,0.06513728946447372,-0.21163583546876907,0.678894945352656,0.7135997,2020,2,8.0,0.0,8.0,95.34883720930233,0-5%,0,0.4302431112348503,83.37347962802218,0.41234353590151374,75.20198063725996,0,,0.0,C,23.0,0,0,0,0,0,1,75.20198063725996,75.20198063725996,75.20198063725996,75.20198063725996,75.20198063725996,75.20198063725996,83.37347962802218,0.0026994809,60.68751780233741
4AbEyowmGAEGnLUZ9YCphR,Midnight Sun,Midnight Sun,"Kreator,Sofia Portanet",2022,-0.3749537996399679,-1.310749050102246,"['thrash metal', 'speed metal', 'metal', 'groove metal', 'heavy metal']",Nuclear Blast,0.368,0.989,-4.764,0.112,4e-06,0.391,0.976,0.0755,110.241,"['thrash metal', 'speed metal', 'metal', 'groove metal', 'heavy metal']",0.21082524582743645,0.32098531238734723,0.7800481092184782,1.6634166955947876,0.47666769167408346,0.3563791058491915,-0.8276549987494946,-0.742899747658521,0.5338069287769031,0.7922127828001976,-1.0212371127679944,0.7815306561067701,-0.41942432150244713,-1.0645564157515763,0.14283786062151194,-0.10662949942052365,0.5574302988035819,0.733646,2022,4,16.0,0.0,16.0,90.69767441860465,5-10%,0,0.6403141469571405,98.35112932836762,0.3968858588220434,74.22348653974358,0,,0.0,C,23.0,0,0,0,0,0,1,74.22348653974358,74.22348653974358,74.22348653974358,74.22348653974358,74.22348653974358,74.22348653974358,98.35112932836762,0.0053021084,58.06259706354391
1ra04CMFjC869EOb6T6cmN,Nightmares Of Delirium,Schizophrenia (Re-Recorded),Cavalera Conspiracy,2024,0.18454952137770306,-1.2471785079364228,"['groove metal', 'thrash metal', 'metal', 'speed metal', 'death metal']",Nuclear Blast,0.257,0.987,-3.105,0.0989,6.2e-05,0.888,0.131,0.137,106.264,"['groove metal', 'thrash metal', 'metal', 'speed metal', 'death metal']",0.3573843687772751,0.42210603356361387,0.7236348111182451,1.7762235164642335,0.28872586637735365,0.17371395230293274,-0.6861195586621761,-0.8320818185806275,0.27118854895234107,0.47438748776912687,-1.1364999532699585,0.7032401703298092,-0.6075525045394897,-1.0842565178871155,-0.05086880326271057,0.05957679152488708,0.6660115926236402,0.6408351,2024,6,24.0,3.333333333333333,20.666666666666668,86.04651162790698,10-20%,0,0.5125382480052649,89.2409602464295,0.5426271613195719,83.44912914600441,0,,0.0,C,23.0,0,0,0,0,0,1,83.44912914600441,83.44912914600441,83.44912914600441,83.44912914600441,83.44912914600441,83.44912914600441,89.2409602464295,0.0006057608,57.421266617551574
1M5F0iablulCzXqiFSyRHI,Match & Tinder,Keep Doing What You're Doing,You Blew It!,2014,-1.1818435003948526,-0.4207614597807208,"['midwest emo', 'emo', 'math rock', 'emo pop', 'pop punk']",????,0.467,0.951,-6.081,0.0419,0.00018,0.00103,0.165,0.341,87.556,"['midwest emo', 'emo', 'math rock', 'emo pop', 'pop punk']",-0.6617017596960068,-0.04586893655359745,0.012577049434185028,1.8609520673751831,0.5539067387580872,0.22964654862880707,-1.1583589136600494,-0.3059662789106369,0.36607614159584045,0.6044540882110596,-1.4504851877689362,0.2010234296321869,-0.4708676800131798,-0.6935365796089172,0.5918355695903301,0.1782211299985647,0.7349170529981887,0.72529405,2014,4,16.0,0.0,16.0,90.69767441860465,5-10%,0,0.4298152875513592,83.34297664486313,0.46755131159554525,78.69671547845839,0,,0.0,C,23.0,0,0,0,0,0,1,78.69671547845839,78.69671547845839,78.69671547845839,78.69671547845839,78.69671547845839,78.69671547845839,83.34297664486313,0.012866069,57.16571007145658
6Oh75gCX8QYhr5W9FZ7sY9,Trainwreck 1979,The Physical World,Death From Above 1979,2014,-0.2606576492961849,-0.2936203754490744,"['modern rock', 'garage rock']",????,0.524,0.94,-5.063,0.0585,2.01e-05,0.0104,0.25,0.344,135.063,"['modern rock', 'garage rock']",0.3645603209733963,-0.7856620848178864,0.28659866750240326,2.115306258201599,-0.1921481490135193,0.19522690027952194,-1.0996548235416412,-0.08240103721618652,0.9124211519956589,0.8613921999931335,-1.2674131393432617,1.1167712658643723,-0.45171596109867096,-0.6482915431261063,0.331897608935833,0.2718857079744339,0.7859645161950592,0.7225369,2014,4,16.0,0.0,16.0,90.69767441860465,5-10%,0,0.4766581984437218,86.68278361957523,0.4206499400531179,75.72778845379958,0,,0.0,C,23.0,0,0,0,0,0,1,75.72778845379958,75.72778845379958,75.72778845379958,75.72778845379958,75.72778845379958,75.72778845379958,86.68278361957523,0.1210134,56.37527250367098
22i0SAC2wv9bbgNQdublCr,Filth Upon Filth,Totem,Soulfly,2022,-0.9989255034182515,-0.4207614597807208,"['groove metal', 'nu metal', 'metal', 'rap metal', 'alternative metal', 'thrash metal']",Nuclear Blast,0.241,0.991,-4.731,0.176,3.76e-05,0.432,0.259,0.225,105.785,"['groove metal', 'nu metal', 'metal', 'rap metal', 'alternative metal', 'thrash metal']",0.3426795353492101,-0.01240750402212143,0.5016951576496164,1.604074517885844,0.5397154663999876,0.24639874200026193,-1.3025422096252441,-0.43371718004345894,0.5691854065905014,0.7700164690613747,-0.8466415206591288,1.0833575129508972,-0.2553882996241252,-0.9678178032239279,0.5098256319761276,0.7232783784468969,0.8852253462407685,0.7628568,2022,4,16.0,0.0,16.0,90.69767441860465,5-10%,0,0.35697295649275723,78.14946239288113,0.46095006501602015,78.2788466886585,0,,0.0,B,34.5,0,0,0,0,1,0,78.2788466886585,78.2788466886585,78.2788466886585,78.2788466886585,78.2788466886585,78.2788466886585,78.14946239288113,4.7988524,56.06547763872751
5L3z9iM22RWKcKKl4yW1cD,Wasteland,Wasteland,"Attila,DED",2024,-1.0705003110764915,-0.484332001946544,"['deathcore', 'metalcore', 'rap metal', 'metal', 'screamo', 'nu metal']",????,0.56,0.982,-3.221,0.168,0.000315,5.49e-06,0.629,0.189,109.995,"['deathcore', 'metalcore', 'rap metal', 'metal', 'screamo', 'nu metal']",0.527428408463796,-0.4447120949625969,0.25187363972266513,1.7128940025965373,0.42219559848308563,0.0028478428721427917,-1.1405646204948425,-0.7625497716168562,0.2575322737296422,0.878198948999246,-0.721299002567927,0.2876001338784893,-0.014341052000721296,-1.1052148044109344,0.842669482032458,0.7847930093606313,0.7330031142806569,0.7095872,2024,6,24.0,3.333333333333333,20.666666666666668,86.04651162790698,10-20%,0,0.6192956735804758,96.85255371374605,0.37664159582475104,72.9419943886539,0,,0.0,E,35.5,0,0,0,1,0,0,72.9419943886539,72.9419943886539,72.9419943886539,72.9419943886539,72.9419943886539,72.9419943886539,96.85255371374605,46.196415,55.76193705529735
5Hh2VJj7bOWGsN0Jw6smwt,Two Faced,Two Faced,Linkin Park,2024,-0.8554585137859549,1.232072636530683,"['nu metal', 'rap metal', 'rock', 'alternative metal']",????,0.51,0.945,-5.405,0.0807,0.000658,4.8e-06,0.0413,0.323,91.906,"['nu metal', 'rap metal', 'rock', 'alternative metal']",0.10342534631490707,-0.27066272869706154,-0.04117414355278015,1.74568709731102,0.7063010260462761,0.4290051907300949,-1.5082664638757706,-0.16944288276135921,-0.07099102810025215,0.9213438928127289,-0.5198734849691391,0.7055672109127045,0.12803301960229874,-1.1705101281404495,0.5973426168784499,1.159376472234726,0.7167023193166914,0.64449006,2024,6,24.0,3.333333333333333,20.666666666666668,86.04651162790698,10-20%,0,0.4622396409216323,85.65476896249692,0.4768160865556919,79.2831896017509,0,,0.0,B,34.5,0,0,0,0,1,0,79.2831896017509,79.2831896017509,79.2831896017509,79.2831896017509,79.2831896017509,79.2831896017509,85.65476896249692,17.252607,55.41134751937003
2YkYYob6zFTXzcjLv2mg9q,SOWHAT1999,ODDWORLD,Ocean Grove,2024,-0.8962894094598961,-0.484332001946544,"['metalcore', 'nu metal']",SHARPTONE,0.529,0.956,-4.492,0.234,5.17e-05,0.112,0.377,0.398,113.994,"['metalcore', 'nu metal']",1.1021667420864105,-0.37723546475172043,-0.22998855262994766,2.001215159893036,1.109068125486374,-0.015049174427986145,-1.3173716068267822,-0.3538852296769619,-0.0016128718852996826,0.262800008058548,-0.4526195079088211,1.0129954339936376,0.19397012889385223,-1.285959541797638,0.9146304130554199,0.107197105884552,0.6746735093485056,0.6071181,2024,6,24.0,3.333333333333333,20.666666666666668,86.04651162790698,10-20%,0,0.4629606464906658,85.70617523470315,0.32851868009802593,69.89574178861622,0,,0.0,E,35.5,0,0,0,1,0,0,69.89574178861622,69.89574178861622,69.89574178861622,69.89574178861622,69.89574178861622,69.89574178861622,85.70617523470315,96.87339,54.11140891511686
1iQsQZzC1CneQhOycVXBHS,Destroyer,Destroyer,Before The Dawn,2023,0.3449753385812309,-1.882883929594655,"['melodic death metal', 'melodic metal', 'gothic metal', 'death metal', 'metal', 'doom metal']",Napalm Records Handels GmbH,0.38,0.99,-5.352,0.181,0.00229,0.0816,0.322,0.147,170.023,"['melodic death metal', 'melodic metal', 'gothic metal', 'death metal', 'metal', 'doom metal']",-0.009693426390488943,-0.1954177369674047,0.09521782398223877,1.7902986605962117,0.40121175286670524,-0.01980167378981908,-1.016705224911372,-1.0921787172555923,0.39985426018635434,0.7685573572913805,-0.732531093681852,0.46668142452836037,-1.1595549682776134,-0.6023078163464864,0.303602730234464,0.7064712891976038,0.8230716011336702,0.6182704,2023,5,20.0,1.6666666666666665,18.333333333333332,88.37209302325581,5-10%,0,0.47118971664915515,86.2928916745476,0.3135187560073966,68.94622414049766,0,,0.0,B,34.5,0,0,0,0,1,0,68.94622414049766,68.94622414049766,68.94622414049766,68.94622414049766,68.94622414049766,68.94622414049766,86.2928916745476,47.300316,53.333211404280405
2pxsyhvXrWCvjXBYCOilQ4,filthy/RIGHTEOUS (feat. Kenta Koie of Crossfaith),filthy/RIGHTEOUS (feat. Kenta Koie of Crossfaith),"Trash Boat,Crossfaith",2024,-0.11942607875789941,-0.9293257971073066,"['pop punk', 'emo pop', 'emo', 'metalcore', 'j-rock']",????,0.497,0.942,-4.15,0.14,0.00066,0.00975,0.0877,0.314,127.953,"['pop punk', 'emo pop', 'emo', 'metalcore', 'j-rock']",0.16266533732414246,-0.191673880815506,0.2249440759420395,1.613987135887146,0.8847439765930176,-0.056478197872638705,-0.9870603859424592,-0.6069468468427658,0.4315945327281952,0.5941972523927689,-1.2657931327819825,0.39652258045971395,-0.520192676782608,-0.7665760278701782,0.6802001744508743,0.11691260300576686,0.8862102294087313,0.74906504,2024,6,24.0,3.333333333333333,20.666666666666668,86.04651162790698,10-20%,0,0.43743591260292436,83.88631215100548,0.3785917357194519,73.06544116312628,0,,0.0,B,34.5,0,0,0,0,1,0,73.06544116312628,73.06544116312628,73.06544116312628,73.06544116312628,73.06544116312628,73.06544116312628,83.88631215100548,8.180632,51.74110030607385
25z2oaZITapMcYOYvcoqKY,Savior,Savior,Fox Lake,2024,-1.243993670761676,-0.6114730862781905,"['rap metal', 'deathcore', 'metalcore']",MNRK Music,0.439,0.968,-4.941,0.167,0.000251,0.000253,0.229,0.418,89.988,"['rap metal', 'deathcore', 'metalcore']",0.507556547721227,-0.581296463807424,-0.01901102562745412,1.9294049342473347,0.4382507999738057,-0.06856330732504527,-1.2180949250857036,-0.7574575940767924,-0.07666051387786865,0.8825695912043253,-0.48735188444455463,0.20574463220934072,0.43424366787075996,-1.3196318944295247,0.6551513572533926,0.20242526133855185,0.7015046486450279,0.6087498,2024,6,24.0,3.333333333333333,20.666666666666668,86.04651162790698,10-20%,0,0.333301431601503,76.4617294482837,0.2796504154700712,66.80230748742811,0,,0.0,E,35.5,0,0,0,1,0,0,66.80230748742811,66.80230748742811,66.80230748742811,66.80230748742811,66.80230748742811,66.80230748742811,76.4617294482837,100.0,50.92947470459204
1244xKUG27TnmQhUJlo3gU,Reapers,Drones,Muse,????,1.5722618178431411,0.4056555883749811,"['alternative rock', 'rock']",????,0.421,0.892,-4.235,0.0564,3.33e-05,0.00331,0.141,0.398,95.866,"['alternative rock', 'rock']",-0.8996261656284332,-0.019029229879379272,-0.12382599711418152,1.7389857172966003,-0.05895012617111206,1.1028920114040375,-1.2943062782287598,-0.0664746155962348,-0.6222527027130127,0.5905673801898956,-1.278005301952362,0.3754326403141022,-0.5315464735031128,-1.0843841433525085,0.6021764855831861,1.1925166845321655,0.5815792041604381,0.6137297,2015,3,12.0,0.0,12.0,93.02325581395348,5-10%,0,0.3153141023697401,75.17926842098491,0.17368053714117926,60.09425556434418,0,,0.0,B,34.5,0,0,0,0,1,0,60.09425556434418,60.09425556434418,60.09425556434418,60.09425556434418,60.09425556434418,60.09425556434418,75.17926842098491,0.64921707,48.29777154163296
10aghLtnLvtlD3d0BoaPyY,Promise,Stories And Alibis,Matchbook Romance,????,0.14691996662851844,-0.3571909176148976,"['emo', 'emo pop', 'screamo']",Epitaph,0.411,0.972,-3.915,0.145,4.99e-05,0.0832,0.198,0.103,100.562,"['emo', 'emo pop', 'screamo']",0.10342152416706085,-0.0883385439713796,0.5348969101905823,1.4024925231933594,0.4176875054836273,-0.1707326869169871,-0.7936094303925832,-0.7606388876835505,0.48411943515141803,0.7843625197807947,-1.6183001200358074,-0.4273433983325958,-0.018124361832936604,-0.9270598093668619,0.8572644392649332,0.9034774098545313,0.732428893332619,0.710344,2003,15,40.0,0.0,40.0,65.11627906976744,,0,0.5170248342480444,89.56084497905667,0.6743378287543025,91.78661155052393,0,,0.0,E,35.5,0,0,0,1,0,0,91.78661155052393,91.78661155052393,91.78661155052393,91.78661155052393,91.78661155052393,91.78661155052393,89.56084497905667,0.08429898,46.479835874711235
4K21taEZsYaCLsWosMcqeq,A New Land,Resurrection Day,Rage,2021,-0.2136862505553619,-1.1836079657705996,"['speed metal', 'power metal', 'heavy metal', 'thrash metal', 'metal', 'melodic metal']",Steamhammer,0.343,0.967,-5.088,0.16,1.34e-05,0.00302,0.0556,0.222,169.929,"['speed metal', 'power metal', 'heavy metal', 'thrash metal', 'metal', 'melodic metal']",0.03965565003454685,-0.007190311017135779,0.20617613786210617,1.8942286173502605,0.7127506744582206,0.06870530355566491,-0.8773793919632832,-0.49848954542540014,0.3756110641552368,0.9488488820691904,-1.0910395795168977,0.9224438470167419,-0.5112392275283734,-0.8691399559999505,0.5198582331649959,-0.0030318917706608772,0.8457818454302125,0.7697674,2021,3,12.0,0.0,12.0,93.02325581395348,5-10%,0,0.3442159172403199,77.2399107049028,0.07406478644924192,53.788429432086446,0,,0.0,B,34.5,0,0,0,0,1,0,53.788429432086446,53.788429432086446,53.788429432086446,53.788429432086446,53.788429432086446,53.788429432086446,77.2399107049028,22.012997,46.361642948857956
6tVahG14lCjexVQnYWKgwF,liMOusIne (feat. AURORA),POST HUMAN: NeX GEn,"Bring Me The Horizon,AURORA",2024,0.087764153937006,1.3592137208623294,"['metalcore', 'emo', 'screamo', 'rock', 'post-hardcore', 'metal', 'norwegian pop', 'art pop']",RCA Records Label,0.517,0.915,-3.174,0.0942,0.00385,0.000648,0.234,0.381,122.052,"['metalcore', 'emo', 'screamo', 'rock', 'post-hardcore', 'metal', 'norwegian pop', 'art pop']",0.2762677986174822,-0.260331429541111,0.2970415251329541,1.5372727774083614,0.5586983114480972,0.36648530093953013,-0.9084850214421749,-0.36064494401216507,0.15864082146435976,0.4806810002774,-1.3600097224116325,0.14456622232683003,-0.361123401671648,-1.2326722703874111,0.8864772426895797,0.6828808262944221,0.8338646603327566,0.7409693,2024,6,24.0,3.333333333333333,20.666666666666668,86.04651162790698,10-20%,0,0.40920951874564887,81.87382605055544,0.20792008435565948,62.26167015573185,0,,0.0,E,35.5,0,0,0,1,0,0,62.26167015573185,62.26167015573185,62.26167015573185,62.26167015573185,62.26167015573185,62.26167015573185,81.87382605055544,6.5486984,46.134628869753776
1AMADyXgIWayh5vXLZo2qF,Covet,Colourmeinkindness,Basement,2012,-0.25167457627025197,1.6134958895256224,"['midwest emo', 'shoegaze', 'pop punk']",????,0.428,0.799,-6.265,0.0468,0.00139,0.0742,0.0788,0.228,139.052,"['midwest emo', 'shoegaze', 'pop punk']",-0.7049098859230677,-0.7731510202089945,-0.1994576702515284,1.7577964067459106,0.07595725854237874,-0.01166634758313497,-0.9315256873766581,-0.28723701865722734,0.21346772710482279,0.8311262329419454,-1.8487307230631511,0.5355963259935379,-0.7668326273560524,-0.5569736361503601,1.1195336431264877,0.0918588638305664,0.6858517000540533,0.67220396,2012,6,24.0,0.0,24.0,86.04651162790698,10-20%,0,0.45540438262038324,85.16742855359436,0.2225206138292623,63.18590552674427,0,,0.0,B,34.5,0,0,0,0,1,0,63.18590552674427,63.18590552674427,63.18590552674427,63.18590552674427,63.18590552674427,63.18590552674427,85.16742855359436,0.08666669,44.997877679605374
2TqfK2N1kFoX7OySPCB7pQ,Catalina Fight Song,Never Hungover Again,Joyce Manor,2014,-2.491785290601983,0.5327966727066276,"['midwest emo', 'pop punk', 'indie punk', 'emo', 'emo pop', 'math rock']",Epitaph,0.453,0.964,-1.41,0.0968,0.00385,0.0,0.103,0.349,107.655,"['midwest emo', 'pop punk', 'indie punk', 'emo', 'emo pop', 'math rock']",-0.5074127937356631,-0.3057915496950348,0.06810549274086952,1.7920481363932292,0.284345418214798,0.19693461122612158,-0.9982625891764959,-0.30564721177021664,0.3218124335010846,0.5166645757853985,-1.639781042933464,0.1849192058046659,-0.5169705140093962,-0.7316878437995911,0.7263565255949894,0.24053060977409282,0.779798238528085,0.75230324,2014,4,16.0,0.0,16.0,90.69767441860465,5-10%,0,0.33813102187575006,76.80606969050297,0.12252559661451197,56.85607125587361,0,,0.0,E,35.5,0,0,0,1,0,0,56.85607125587361,56.85607125587361,56.85607125587361,56.85607125587361,56.85607125587361,56.85607125587361,76.80606969050297,0.4018035,44.801610295631676
6IfitwQQ1Gu9g9QnLWDHRY,Glorious,Black Holes and Revelations,Muse,2006,0.48913227237834556,0.024232335380041745,"['alternative rock', 'rock']",????,0.4,0.979,-5.052,0.0968,0.0151,0.0164,0.342,0.0791,100.937,"['alternative rock', 'rock']",-0.8996261656284332,-0.019029229879379272,-0.12382599711418152,1.7389857172966003,-0.05895012617111206,1.1028920114040375,-1.2943062782287598,-0.0664746155962348,-0.6222527027130127,0.5905673801898956,-1.278005301952362,0.3754326403141022,-0.5315464735031128,-1.0843841433525085,0.6021764855831861,1.1925166845321655,0.6289125234994708,0.6281853,2006,12,40.0,0.0,40.0,72.09302325581396,,0,0.5105374812205965,89.09830952863864,0.5868365091216816,86.24764703824751,0,,0.0,B,34.5,0,0,0,0,1,0,86.24764703824751,86.24764703824751,86.24764703824751,86.24764703824751,86.24764703824751,86.24764703824751,89.09830952863864,0.091923416,44.41665706564648
3d0X2U0GXlPE3wA6i2DmJG,Tsunami,Bad Behavior,Silly Goose,2024,-0.28501267831426735,-0.6114730862781905,"['rap metal', 'nu metal', 'rap rock']",????,0.319,0.962,-4.612,0.293,0.00211,4.96e-06,0.352,0.252,99.173,"['rap metal', 'nu metal', 'rap rock']",0.8422611455122629,-0.1811769406000773,-0.3984243969122569,1.5019662181536357,0.7668836812178293,0.08530815442403157,-1.520576576391856,-0.05272374302148819,0.26537050555149716,0.9216692050298055,-1.180986265341441,1.6406821807225545,0.12414855758349101,-0.47845248381296795,0.24794665475686392,0.9568240245183309,0.6518055124959986,0.70483136,2024,6,24.0,3.333333333333333,20.666666666666668,86.04651162790698,10-20%,0,0.31078242692993174,74.85616891771575,0.17106260114614966,59.92853629710613,0,,0.0,B,34.5,0,0,0,0,1,0,59.92853629710613,59.92853629710613,59.92853629710613,59.92853629710613,59.92853629710613,59.92853629710613,74.85616891771575,21.96651,44.2437950968304
0rY6eMNP3hXxEodeEOdKIk,Tracing Steps,Tracing Steps,Mat Zo,2019,2.1664417325845746,-1.374319592268069,"['trance', 'progressive house', 'progressive trance', 'electro house']",????,0.328,0.824,-4.19,0.0547,0.0249,0.0654,0.105,0.194,165.363,"['trance', 'progressive house', 'progressive trance', 'electro house']",1.4215709865093231,-0.31705164164304733,-0.2008979618549347,1.4785676896572113,0.11634278018027544,0.25434891134500504,-1.1141816973686218,-0.2330150343477726,-0.10425537079572678,1.7343118488788605,-0.5604281798005104,1.292738601565361,0.2264767438173294,-1.5262912213802338,0.5535458363592625,0.3050956930965185,0.6682339400054047,0.617641,2019,1,4.0,0.0,4.0,97.67441860465117,No adj.,0,0.31020855528909674,74.81525300382103,-0.07435151318768177,44.39345550273518,0,,0.0,B,34.5,0,0,0,0,1,0,44.39345550273518,44.39345550273518,44.39345550273518,44.39345550273518,44.39345550273518,44.39345550273518,74.81525300382103,5.422356,43.78656418466976
1WPijMCbMHyodBdwBQj12P,A Line in the Dust,A Line in the Dust,"LANDMVRKS,While She Sleeps,Mat Welsh",2025,-0.13986222491981448,0.8506493835357437,"['metalcore', 'deathcore', 'metal', 'djent', 'post-hardcore']",Arising Empire,0.432,0.95,-3.522,0.0766,0.000243,0.0,0.0921,0.293,158.039,"['metalcore', 'deathcore', 'metal', 'djent', 'post-hardcore']",0.26949313282966614,-0.4028527081012726,0.17726864963769912,1.9507537841796876,0.3094072282314301,-0.05749564401921816,-0.9266887903213501,-0.5647800743579865,0.17404745817184447,0.6751691073179245,-0.9252009212970733,0.4056605625897646,-0.16188666895031928,-1.0507369697093965,0.9042347982525826,0.48710631728172304,0.8625174628756813,0.772586,2025,7,28.0,5.0,23.0,83.72093023255815,10-20%,0,0.3787963100608722,79.7054243745325,0.09030440538567436,54.816421619626645,0,,0.0,E,35.5,0,0,0,1,0,0,54.816421619626645,54.816421619626645,54.816421619626645,54.816421619626645,54.816421619626645,54.816421619626645,79.7054243745325,39.671227,42.195823255746106
3asgs3iJWKVpTVUz8m7wVs,Live Not Fantasize,Live Not Fantasize,Tetrarch,2024,-0.9082254435112509,-0.23004983328325115,['nu metal'],Napalm Records Handels GmbH,0.493,0.988,-2.569,0.0744,8.92e-06,1.76e-05,0.34,0.471,127.01,['nu metal'],0.6120759844779968,0.1632385402917862,-0.2131766974925995,1.5330077409744263,0.9163486361503601,0.31491291522979736,-1.7440732717514038,0.04068142920732498,0.37308430671691895,0.9970962405204773,-0.47748085856437683,2.0424206256866455,-0.48582956194877625,-0.9223368167877197,0.7086445093154907,1.23822820186615,0.754471592835401,0.7346836,2024,6,24.0,3.333333333333333,20.666666666666668,86.04651162790698,10-20%,0,0.3408987675610531,77.00340448818976,0.020766199296070667,50.41454908336278,0,,0.0,B,34.5,0,0,0,0,1,0,50.41454908336278,50.41454908336278,50.41454908336278,50.41454908336278,50.41454908336278,50.41454908336278,77.00340448818976,36.024727,40.6986481240852
2MVcTN1zcj0eThnzn2TKvE,Woman,Wolfmother (10th Anniversary Deluxe Edition),Wolfmother,????,-0.9549622612360358,-0.1029087489516047,['stoner rock'],????,0.157,0.949,-3.656,0.234,5.9e-05,0.236,0.151,0.222,160.708,['stoner rock'],-0.888404130935669,-1.2469189167022705,-0.17909707129001617,2.1891634464263916,0.642457127571106,0.9502508044242859,-0.9958078861236572,-0.0791873037815094,0.9469522833824158,0.8500505685806274,-0.5982973575592041,-0.19227564334869385,1.4718923568725586,-0.717415988445282,0.5118346810340881,0.709750235080719,0.5378758684824911,0.60107887,2015,3,12.0,0.0,12.0,93.02325581395348,5-10%,0,0.19203050475217856,66.38939154640609,0.0017812086526032347,49.212770757257815,0,,0.0,D,4.5,0,0,1,0,0,0,49.212770757257815,49.212770757257815,49.212770757257815,49.212770757257815,49.212770757257815,49.212770757257815,66.38939154640609,0.01129845,40.590506231859436
0k483dcMGE6ylstRbUss1p,Heart Attack American,The Bronx (I),The Bronx,????,-1.0278203650408377,-0.2936203754490744,"['punk', 'hardcore punk', 'skate punk']",????,0.495,0.976,-5.112,0.0821,0.00014,0.000236,0.452,0.319,107.477,"['punk', 'hardcore punk', 'skate punk']",0.5310281614462534,-0.21357203150788942,0.3438658316930135,1.8662877082824707,1.055576761563619,-0.07301837205886841,-0.38748109340667725,-0.6233502725760142,0.6168039937814077,0.2582482248544693,-1.0361410578091939,0.25375492374102276,-0.9471513231595358,-0.9432472189267477,0.43654202421506244,0.9652120073636373,0.769493727159452,0.74379927,2003,15,40.0,0.0,40.0,65.11627906976744,,0,0.48212131959400917,87.07229336125958,0.4126759300891753,75.22302168689528,0,,0.0,E,35.5,0,0,0,1,0,0,75.22302168689528,75.22302168689528,75.22302168689528,75.22302168689528,75.22302168689528,75.22302168689528,87.07229336125958,6.526209,40.3369180849507
6nUKoqyYUZQdSuP4dq0f7i,Dress Down,The Art Of Everything,DREGG,2024,0.16347862658415524,-1.1200374236047763,['rap metal'],????,0.324,0.922,-3.563,0.234,0.00478,0.00172,0.374,0.218,141.7,['rap metal'],0.17540839314460754,-0.538698673248291,-0.26304787397384644,2.1251988410949707,0.42830023169517517,0.3660452663898468,-1.9653031826019287,0.4929085969924927,0.5430379509925842,1.2317901849746704,-0.33895501494407654,1.8726081848144531,0.48211216926574707,-1.2074003219604492,-0.10624632239341736,0.6713502407073975,0.6676215027628813,0.6152848,2024,6,24.0,3.333333333333333,20.666666666666668,86.04651162790698,10-20%,0,0.3206474040348787,75.55952228993006,0.05032157057657633,52.285448326450826,0,,0.0,B,34.5,0,0,0,0,1,0,52.285448326450826,52.285448326450826,52.285448326450826,52.285448326450826,52.285448326450826,52.285448326450826,75.55952228993006,9.616876,40.255314724950495
5Kj6WCM3ZNak8s8DCh95XX,Deadbolt,The Illusion of Safety,Thrice,????,-0.9045549405544181,0.2149439618775114,"['post-hardcore', 'screamo']",????,0.356,0.914,-5.698,0.0689,0.00108,0.0,0.139,0.149,136.104,"['post-hardcore', 'screamo']",-0.24134106934070587,-0.4375295490026474,0.1728176735341549,1.721094787120819,-0.2087487429380417,-0.23815985210239887,-0.9188252091407776,-0.8796472251415253,-0.3964814692735672,1.4025928378105164,-1.3886049389839172,-0.3672168552875519,-0.07295198738574982,-0.7308846265077591,1.4432123899459839,1.3575654029846191,0.6584536697923131,0.63036263,2002,16,40.0,0.0,40.0,62.7906976744186,,0,0.4233532800157334,82.88224827792374,0.41608817056754405,75.43902161691224,0,,0.0,E,35.5,0,0,0,1,0,0,75.43902161691224,75.43902161691224,75.43902161691224,75.43902161691224,75.43902161691224,75.43902161691224,82.88224827792374,0.61401236,39.608805394817665
7lHGsPvsdeSD1tRm0faS1o,Crawling After You,Bass Drum of Death,Bass Drum of Death,2013,-0.21571468639992739,-0.1029087489516047,"['garage rock', 'surf rock', 'indie punk']",????,0.37,0.887,-4.641,0.0425,0.0284,0.0,0.268,0.351,89.454,"['garage rock', 'surf rock', 'indie punk']",0.3703042020400365,-0.9312912325064341,0.0638267199198405,1.9920448064804077,-0.37327754497528076,-0.1643246995906035,-0.6390517354011536,-0.4777912100156148,0.599572146932284,0.587342880666256,-1.4696181540687878,0.3606143742799759,-0.29563061396280926,-1.076763282219569,0.6625962257385254,-0.007560516397158305,0.7167635233816517,0.7425672,2013,5,20.0,0.0,20.0,88.37209302325581,10-20%,0,0.2621551671232608,71.38914139168007,0.05384009561561805,52.508176228254285,0,,0.0,E,35.5,0,0,0,1,0,0,52.508176228254285,52.508176228254285,52.508176228254285,52.508176228254285,52.508176228254285,52.508176228254285,71.38914139168007,1.1332649,39.52708346386822
4e9eGQYsOiBcftrWXwsVco,Aerials,Toxicity,System Of A Down,????,-0.14524378940539645,2.2492013111838545,"['nu metal', 'metal', 'alternative metal', 'rap metal', 'rock']",????,0.364,0.922,-4.217,0.0567,0.000915,0.0346,0.0697,0.227,79.342,"['nu metal', 'metal', 'alternative metal', 'rap metal', 'rock']",0.20873581767082214,-0.30808285176753997,0.24037232398986816,1.7438850402832031,0.5952945649623871,0.41007757782936094,-1.3245674610137939,-0.22592252343893052,0.29199138581752776,0.7017387360334396,-0.7015435338020325,0.6729970335960388,-0.1490708291530609,-1.072459077835083,0.6671609692275524,1.1474616765975951,0.8068559807633654,0.77346945,2001,17,40.0,0.0,40.0,60.46511627906977,,0,0.37282736108223535,79.2798501083141,0.41038088445710197,75.07774186296255,0,,0.0,B,34.5,0,0,0,0,1,0,75.07774186296255,75.07774186296255,75.07774186296255,75.07774186296255,75.07774186296255,75.07774186296255,79.2798501083141,16.43021,39.41287088316684
6p4jnIWFWyLz0zUo2RD9iu,"Baby, You Wouldn't Last A Minute On The Creek",All's Well That Ends Well,Chiodos,????,0.4869244510509273,0.659937757038274,"['post-hardcore', 'screamo', 'emo', 'emocore', 'emo pop']",????,0.38,0.908,-6.425,0.193,0.0295,0.0,0.101,0.0974,97.613,"['post-hardcore', 'screamo', 'emo', 'emocore', 'emo pop']",0.06545532643795013,0.12234411239624024,0.2912372052669525,1.7240257740020752,0.08436694145202636,-0.20621839240193368,-0.6899659335613251,-0.7553072422742844,0.21884254664182662,0.5908886462450027,-1.497310185432434,0.0486588180065155,0.058786559104919436,-0.8384824812412262,0.6698052525520325,0.783187847957015,0.6921603466323369,0.7422819,2005,13,40.0,0.0,40.0,69.76744186046511,,0,0.4327302068758026,83.55080463217307,0.3972535597206335,74.24676255703079,0,,0.0,E,35.5,0,0,0,1,0,0,74.24676255703079,74.24676255703079,74.24676255703079,74.24676255703079,74.24676255703079,74.24676255703079,83.55080463217307,1.1473783,39.29587656467388
5JEZevevEmF725NxEBhfBT,Street Fighting Man,Renegades,Rage Against The Machine,????,0.49833612753702033,-0.5479025441123673,"['rap metal', 'rap rock', 'alternative metal', 'nu metal']",Epic,0.424,0.997,-1.501,0.131,0.000249,0.014,0.326,0.123,131.424,"['rap metal', 'rap rock', 'alternative metal', 'nu metal']",0.8356243893504143,-0.40622857213020325,-0.09602602571249008,1.4781715422868729,0.7457454577088356,-0.014095090329647064,-1.3763571679592133,-0.31148667447268963,0.14923028089106083,0.9265082776546478,-1.0209302753210068,1.071939840912819,0.27556128054857254,-0.563032254576683,0.6427844725549221,1.136861890554428,0.7716604602027692,0.71821153,2000,18,40.0,0.0,40.0,58.13953488372093,,0,0.48316812423114275,87.1469284631706,0.3121461738720659,68.85933763673175,0,,0.0,B,34.5,0,0,0,0,1,0,68.85933763673175,68.85933763673175,68.85933763673175,68.85933763673175,68.85933763673175,68.85933763673175,87.1469284631706,41.826797,39.116204714649335
1VdPpC0YxGo5uvOhbsWA8Z,Down On The Street,Renegades,Rage Against The Machine,????,-0.37136608998291326,-0.6114730862781905,"['rap metal', 'rap rock', 'alternative metal', 'nu metal']",Epic,0.557,0.954,-3.159,0.0781,0.00241,0.421,0.113,0.531,131.634,"['rap metal', 'rap rock', 'alternative metal', 'nu metal']",0.8356243893504143,-0.40622857213020325,-0.09602602571249008,1.4781715422868729,0.7457454577088356,-0.014095090329647064,-1.3763571679592133,-0.31148667447268963,0.14923028089106083,0.9265082776546478,-1.0209302753210068,1.071939840912819,0.27556128054857254,-0.563032254576683,0.6427844725549221,1.136861890554428,0.6632495092972336,0.6596639,2000,18,40.0,0.0,40.0,58.13953488372093,,0,0.4449215281034894,84.42002174297016,0.3292809780227956,69.9439963883275,0,,0.0,B,34.5,0,0,0,0,1,0,69.9439963883275,69.9439963883275,69.9439963883275,69.9439963883275,69.9439963883275,69.9439963883275,84.42002174297016,28.885496,38.70940683112409
0svfKznUXTbPhqGi2v9uDc,One To Another,Tellin' Stories,The Charlatans,1997,0.3338534386443615,-0.9928963392731298,"['madchester', 'britpop']",UMC (Universal Music Catalogue),0.444,0.896,-5.096,0.0512,0.00023,9.7e-05,0.54,0.291,102.502,"['madchester', 'britpop']",0.6741707623004913,-0.619660772383213,0.3219411335885525,1.4941698908805847,0.6023598313331604,0.20325489342212677,-1.3752885162830353,-0.4145070016384125,0.2381741851568222,0.8612749576568604,-0.6337561309337616,0.6530908942222595,0.28509310632944107,-0.745480865240097,1.155038669705391,1.4514635801315308,0.7027913489155584,0.7324662,1997,21,40.0,0.0,40.0,51.162790697674424,,0,0.4514464613276262,84.88523658714536,0.290198433044048,67.47001278904443,0,,0.0,B,34.5,0,0,0,0,1,0,67.47001278904443,67.47001278904443,67.47001278904443,67.47001278904443,67.47001278904443,67.47001278904443,84.88523658714536,49.364147,38.50291450771617
7ouMYWpwJ422jRcDASZB7P,Knights of Cydonia,Black Holes and Revelations,Muse,2006,1.6646177437457053,1.3592137208623294,"['alternative rock', 'rock']",????,0.366,0.963,-5.301,0.142,0.000273,0.0122,0.115,0.211,137.114,"['alternative rock', 'rock']",-0.8996261656284332,-0.019029229879379272,-0.12382599711418152,1.7389857172966003,-0.05895012617111206,1.1028920114040375,-1.2943062782287598,-0.0664746155962348,-0.6222527027130127,0.5905673801898956,-1.278005301952362,0.3754326403141022,-0.5315464735031128,-1.0843841433525085,0.6021764855831861,1.1925166845321655,0.6417404551742808,0.63645196,2006,12,40.0,0.0,40.0,72.09302325581396,,0,0.38856685012553654,80.40204457240306,0.383484414023332,73.37515502354529,0,,0.0,B,34.5,0,0,0,0,1,0,73.37515502354529,73.37515502354529,73.37515502354529,73.37515502354529,73.37515502354529,73.37515502354529,80.40204457240306,0.40554795,38.48752893296103
3z3bcIS2CBJ5pqWQjKPiIo,Wish,Anthology,Alien Ant Farm,????,-0.6040980556593885,0.34208504620915786,"['nu metal', 'alternative metal']",????,0.558,0.922,-4.495,0.12,0.000154,0.105,0.342,0.468,133.104,"['nu metal', 'alternative metal']",0.7138950526714325,-0.45907246321439743,0.2989961951971054,1.4698976278305054,0.7993397116661072,0.00130404531955719,-1.3438861072063446,-0.5235470198094845,0.08694695681333542,0.969060868024826,-0.5091215819120407,0.7040667235851288,0.12198494374752045,-0.869554191827774,1.2679712176322937,1.4576018452644348,0.7253365356020653,0.68545467,2001,17,40.0,0.0,40.0,60.46511627906977,,0,0.4465172281401162,84.53379200212677,0.2644895522879719,65.84260215391197,0,,0.0,B,34.5,0,0,0,0,1,0,65.84260215391197,65.84260215391197,65.84260215391197,65.84260215391197,65.84260215391197,65.84260215391197,84.53379200212677,67.37422,38.40463231561075
43CG5O08Tj6ODmSWQ9pfvF,War All The Time,War All The Time,Thursday,????,0.37010310506390975,-0.1029087489516047,"['post-hardcore', 'screamo', 'emo', 'emocore', 'emo pop']",????,0.539,0.755,-4.365,0.0331,0.0129,0.0,0.187,0.0919,125.265,"['post-hardcore', 'screamo', 'emo', 'emocore', 'emo pop']",0.06545532643795013,0.12234411239624024,0.2912372052669525,1.7240257740020752,0.08436694145202636,-0.20621839240193368,-0.6899659335613251,-0.7553072422742844,0.21884254664182662,0.5908886462450027,-1.497310185432434,0.0486588180065155,0.058786559104919436,-0.8384824812412262,0.6698052525520325,0.783187847957015,0.6612578324083261,0.6146597,2003,15,40.0,0.0,40.0,65.11627906976744,,0,0.6071484865092105,95.98648328108301,0.2752298865261885,66.52248138825087,0,,0.0,E,35.5,0,0,0,1,0,0,66.52248138825087,66.52248138825087,66.52248138825087,66.52248138825087,66.52248138825087,66.52248138825087,95.98648328108301,0.30057672,38.35508309365612
5UGOuPyoMT5XHNA75LJlQE,Oh Messy Life,Analphabetapolothology,Cap'n Jazz,1998,-1.693105925408435,-0.23004983328325115,"['midwest emo', 'math rock', 'emo', 'post-hardcore', 'emocore', 'screamo']",Epitaph,0.472,0.907,-6.386,0.0545,0.000691,0.000532,0.102,0.376,107.294,"['midwest emo', 'math rock', 'emo', 'post-hardcore', 'emocore', 'screamo']",-0.2906443551182747,0.08349722841133674,0.14179019009073576,1.8925631244977315,0.27551596363385517,-0.08725859286884467,-0.9127859622240067,-0.6463627591729164,-0.11098544423778851,0.708999531964461,-1.183850293358167,0.06563059985637665,-0.05891527608036995,-0.9709058652321497,0.7511391211301088,0.6966918160518011,0.737921410960678,0.65357095,1998,20,40.0,0.0,40.0,53.48837209302326,,0,0.4026373806256017,81.40524559058912,0.34218781430524703,70.76101844507382,0,,0.0,E,35.5,0,0,0,1,0,0,70.76101844507382,70.76101844507382,70.76101844507382,70.76101844507382,70.76101844507382,70.76101844507382,81.40524559058912,4.1388283,37.80891832535443
3DdOsUq1M9mJBFVR0xbSOx,Without a Face,Evil Empire,Rage Against The Machine,1996,-0.3956521245845139,-0.1029087489516047,"['rap metal', 'rap rock', 'alternative metal', 'nu metal']",Epic,0.425,0.808,-8.376,0.221,0.00534,0.179,0.175,0.369,92.257,"['rap metal', 'rap rock', 'alternative metal', 'nu metal']",0.8356243893504143,-0.40622857213020325,-0.09602602571249008,1.4781715422868729,0.7457454577088356,-0.014095090329647064,-1.3763571679592133,-0.31148667447268963,0.14923028089106083,0.9265082776546478,-1.0209302753210068,1.071939840912819,0.27556128054857254,-0.563032254576683,0.6427844725549221,1.136861890554428,0.6176181555760931,0.6286658,1996,22,40.0,0.0,40.0,48.837209302325576,,0,0.40184116563716005,81.34847703540947,0.26908038382277455,66.13320866201806,0,,0.0,B,34.5,0,0,0,0,1,0,66.13320866201806,66.13320866201806,66.13320866201806,66.13320866201806,66.13320866201806,66.13320866201806,81.34847703540947,23.307877,36.709462971245344
4JsDHMv5PVO8N07DbDq33r,All I Want,What Separates Me From You,A Day To Remember,????,-0.5925069936904427,1.2956431786965061,"['metalcore', 'post-hardcore', 'pop punk', 'screamo', 'emo', 'emo pop']",????,0.349,0.981,-3.228,0.141,2.58e-05,0.0,0.343,0.207,160.042,"['metalcore', 'post-hardcore', 'pop punk', 'screamo', 'emo', 'emo pop']",0.031133738656838734,-0.42823312679926556,0.08005734905600548,1.8098087310791016,0.581259235739708,-0.11126180303593476,-0.8542842119932175,-0.569005993505319,0.17704370617866516,0.7045105919241905,-1.4284128248691559,-0.06007778737694025,-0.24397705992062887,-0.7596335560083389,0.884321761627992,0.38243736792355776,0.8202604016944848,0.77205116,2010,8,32.0,0.0,32.0,81.3953488372093,20-30%,0,0.36517902161605637,78.73453861917955,0.09203327572407717,54.92586169996996,0,,0.0,E,35.5,0,0,0,1,0,0,54.92586169996996,54.92586169996996,54.92586169996996,54.92586169996996,54.92586169996996,54.92586169996996,78.73453861917955,7.2436614,36.04090762251945
0sAIljILdEo8Ku4tPLQ7dF,City Of Angels,Sing Sing Death House,The Distillers,????,-0.4961079949820438,0.4692261305408043,"['punk', 'skate punk', 'ska punk']",????,0.487,0.971,-3.294,0.0695,0.00341,0.0,0.389,0.377,100.254,"['punk', 'skate punk', 'ska punk']",0.3206785519917806,-0.0003320847948392232,1.1112259427706401,1.2362058560053508,0.8429586539665858,-0.02271201213200887,-0.39819682637850445,-0.7234708567460378,0.6615043977896372,0.3104597131411235,-1.3893877267837524,-0.13742412130037943,-0.5906039476394653,-1.442778507868449,0.4504155144095421,0.6281354278326035,0.6778890134529418,0.6785651,2002,16,40.0,0.0,40.0,62.7906976744186,,0,0.404960488966403,81.57087862431429,0.26343249191334056,65.77568864989854,0,,0.0,E,35.5,0,0,0,1,0,0,65.77568864989854,65.77568864989854,65.77568864989854,65.77568864989854,65.77568864989854,65.77568864989854,81.57087862431429,0.31196684,35.92423871270419
07oVZP9Er2Fz8S59ePWLyK,Punk Rock Princess,Leaving Through The Window,Something Corporate,????,-0.18461200344992293,0.4056555883749811,"['pop punk', 'emo pop', 'emo']",????,0.522,0.882,-5.231,0.0847,0.00303,0.000151,0.0939,0.369,130.08,"['pop punk', 'emo pop', 'emo']",-0.30759097635746,-0.2588767309983571,0.12716971834500632,1.6490800778071086,0.8677550951639811,0.0512533833583196,-0.7991283039251963,-0.30209654072920483,0.7438450753688812,0.6311247001091639,-1.7885029713312786,0.13013224800427756,-0.7305760681629181,-0.48214993874231976,0.43296315769354504,0.2011091305563847,0.7332654075051233,0.6903526,2002,16,40.0,0.0,40.0,62.7906976744186,,0,0.4332449137895505,83.58750221794902,0.24909617253742,64.8681781735619,0,,0.0,B,34.5,0,0,0,0,1,0,64.8681781735619,64.8681781735619,64.8681781735619,64.8681781735619,64.8681781735619,64.8681781735619,83.58750221794902,0.3477811,35.90110290837952
203xxdlledLFnkqrUleD72,You Can't Bring Me Down,Lights...Camera...Revolution,Suicidal Tendencies,1990,1.4145819784155897,0.4056555883749811,"['thrash metal', 'hardcore punk', 'punk', 'skate punk', 'speed metal']",Epic,0.272,0.958,-10.797,0.381,0.00195,4.63e-05,0.0915,0.0382,136.867,"['thrash metal', 'hardcore punk', 'punk', 'skate punk', 'speed metal']",0.2099655419588089,0.19473879560828208,0.4485258538275957,1.8584340810775757,0.6781878665089607,-0.10126658678054809,-0.5159828685224056,-0.6964186072349549,0.3234262801706791,0.5609668821096421,-1.0725403785705567,0.5357659839093685,-0.46481369733810424,-1.0768202662467956,0.40285619497299197,0.16476355791091918,0.6544444407437474,0.72457266,1990,28,40.0,0.0,40.0,34.883720930232556,,0,0.4431521456420631,84.29386827016006,0.22533151076653785,63.36383951046709,0,,0.0,E,35.5,0,0,0,1,0,0,63.36383951046709,63.36383951046709,63.36383951046709,63.36383951046709,63.36383951046709,63.36383951046709,84.29386827016006,2.830466,35.539976445253004
6yVSp9H2STyLeOs7pjy2w4,Hands Down,"A Mark, A Mission, A Brand, A Scar",Dashboard Confessional,????,-0.8101705788072884,1.1049315521990366,"['emo', 'emo pop', 'pop punk']",????,0.463,0.827,-4.085,0.0437,0.013,2.41e-05,0.0964,0.26,94.035,"['emo', 'emo pop', 'pop punk']",-0.30759097635746,-0.2588767309983571,0.12716971834500632,1.6490800778071086,0.8677550951639811,0.0512533833583196,-0.7991283039251963,-0.30209654072920483,0.7438450753688812,0.6311247001091639,-1.7885029713312786,0.13013224800427756,-0.7305760681629181,-0.48214993874231976,0.43296315769354504,0.2011091305563847,0.7000142532696856,0.6905162,2003,15,40.0,0.0,40.0,65.11627906976744,,0,0.416468339370452,82.39136561607494,0.23831516088698937,64.1857239981404,0,,0.0,B,34.5,0,0,0,0,1,0,64.1857239981404,64.1857239981404,64.1857239981404,64.1857239981404,64.1857239981404,64.1857239981404,82.39136561607494,0.1618865,35.470422076579986
1IT0WQk5J8NsaeII8ktdlZ,King For A Day,Collide With The Sky,"Pierce The Veil,Kellin Quinn",2012,-0.1281331741179051,1.9313486003547384,"['emo', 'screamo', 'post-hardcore', 'pop punk']",Fearless Records,0.403,0.965,-2.238,0.0964,3.81e-05,0.000276,0.341,0.431,112.363,"['emo', 'screamo', 'post-hardcore', 'pop punk']",-0.2727154903113842,-0.5774279981851578,0.11008088104426861,1.6917898952960968,0.8126901164650917,-0.20237293560057878,-0.7168779447674751,-0.5359206609427929,0.019900351762771606,1.2173043489456177,-1.468088150024414,-0.20206696540117264,-0.7056116089224815,-0.6300021931529045,0.9207085855305195,0.8237228989601135,0.7714703108805134,0.69198287,2012,6,24.0,0.0,24.0,86.04651162790698,10-20%,0,0.26888765863631614,71.86915473167426,-0.02541488435993719,47.491217360103434,0,,0.0,E,35.5,0,0,0,1,0,0,47.491217360103434,47.491217360103434,47.491217360103434,47.491217360103434,47.491217360103434,47.491217360103434,71.86915473167426,0.7733804,35.34052297037778
3K7vovoUvysvYih4CNKIOc,A Work of Art,A Work of Art (feat. Shavo of System of a Down),"Ice Nine Kills,SHAVO",2024,-0.1026052400196317,1.232072636530683,"['metalcore', 'metal']",Fearless Records,0.293,0.98,-2.372,0.406,0.00611,0.0,0.341,0.195,200.499,"['metalcore', 'metal']",1.1111176013946533,-0.6877364069223404,0.5598788931965828,2.1030496954917908,0.7265281677246094,-0.005322068929672241,-0.740220695734024,-0.6001464873552322,0.6838054955005646,-0.32408905774354935,-0.9279909431934357,0.2631432833150029,-0.1918582022190094,-1.1649185717105865,1.0335253477096558,0.037984251976013184,0.6355531175428483,0.6736676,2024,6,24.0,3.333333333333333,20.666666666666668,86.04651162790698,10-20%,0,0.26958087195451996,71.91857947131992,-0.08176088520062358,43.92443116332808,0,,0.0,E,35.5,0,0,0,1,0,0,43.92443116332808,43.92443116332808,43.92443116332808,43.92443116332808,43.92443116332808,43.92443116332808,71.91857947131992,1.2617135,35.221928797912675
5Ty1B6gHqh0joQx6ChbxiH,Snakecharmer,Evil Empire,Rage Against The Machine,1996,-0.14045557690155816,-0.03933820678578148,"['rap metal', 'rap rock', 'alternative metal', 'nu metal']",Epic,0.553,0.883,-7.302,0.0618,0.00732,0.0488,0.0599,0.463,136.711,"['rap metal', 'rap rock', 'alternative metal', 'nu metal']",0.8356243893504143,-0.40622857213020325,-0.09602602571249008,1.4781715422868729,0.7457454577088356,-0.014095090329647064,-1.3763571679592133,-0.31148667447268963,0.14923028089106083,0.9265082776546478,-1.0209302753210068,1.071939840912819,0.27556128054857254,-0.563032254576683,0.6427844725549221,1.136861890554428,0.6361064343653741,0.6273542,1996,22,40.0,0.0,40.0,48.837209302325576,,0,0.4303032997416824,83.37777094961356,0.16557432103180925,59.58111995053677,0,,0.0,B,34.5,0,0,0,0,1,0,59.58111995053677,59.58111995053677,59.58111995053677,59.58111995053677,59.58111995053677,59.58111995053677,83.37777094961356,31.54076,34.90209165445399
655gNlXQ7zb9jPrTuqJ4mf,Revolver,Evil Empire,Rage Against The Machine,1996,1.1365758766437444,0.1513734197116882,"['rap metal', 'rap rock', 'alternative metal', 'nu metal']",Epic,0.35,0.792,-8.214,0.0951,0.00876,0.0249,0.0661,0.156,138.38,"['rap metal', 'rap rock', 'alternative metal', 'nu metal']",0.8356243893504143,-0.40622857213020325,-0.09602602571249008,1.4781715422868729,0.7457454577088356,-0.014095090329647064,-1.3763571679592133,-0.31148667447268963,0.14923028089106083,0.9265082776546478,-1.0209302753210068,1.071939840912819,0.27556128054857254,-0.563032254576683,0.6427844725549221,1.136861890554428,0.689781726913011,0.63582504,1996,22,40.0,0.0,40.0,48.837209302325576,,0,0.416442145372957,82.38949803581865,0.17379150652256525,60.10128009229446,0,,0.0,B,34.5,0,0,0,0,1,0,60.10128009229446,60.10128009229446,60.10128009229446,60.10128009229446,60.10128009229446,60.10128009229446,82.38949803581865,16.687418,34.495508085271624
3EeYcPFHHPmeSCiXoYNGed,Cheap Beer,FIDLAR,FIDLAR,2012,-1.4318516679583755,-0.23004983328325115,"['garage rock', 'surf rock', 'indie punk']",????,0.281,0.961,-3.993,0.0568,0.000199,0.0,0.365,0.198,186.273,"['garage rock', 'surf rock', 'indie punk']",0.3703042020400365,-0.9312912325064341,0.0638267199198405,1.9920448064804077,-0.37327754497528076,-0.1643246995906035,-0.6390517354011536,-0.4777912100156148,0.599572146932284,0.587342880666256,-1.4696181540687878,0.3606143742799759,-0.29563061396280926,-1.076763282219569,0.6625962257385254,-0.007560516397158305,0.7346063505949789,0.7517372,2012,6,24.0,0.0,24.0,86.04651162790698,10-20%,0,0.3144842270745403,75.1200999524536,-0.08024159206772156,44.02060469284994,0,,0.0,E,35.5,0,0,0,1,0,0,44.02060469284994,44.02060469284994,44.02060469284994,44.02060469284994,44.02060469284994,44.02060469284994,75.1200999524536,0.8740177,34.37942740352677
1Ps1p8EztpQmxwRas27Il9,Juneau,Casually Dressed And Deep In Conversation,Funeral For A Friend,????,-0.3963834653992212,-0.16647929111742793,"['post-hardcore', 'screamo', 'emocore', 'emo', 'emo pop']",????,0.464,0.733,-3.945,0.0327,0.000309,0.0,0.162,0.229,103.28,"['post-hardcore', 'screamo', 'emocore', 'emo', 'emo pop']",0.06545532643795013,0.12234411239624024,0.2912372052669525,1.7240257740020752,0.08436694145202636,-0.20621839240193368,-0.6899659335613251,-0.7553072422742844,0.21884254664182662,0.5908886462450027,-1.497310185432434,0.0486588180065155,0.058786559104919436,-0.8384824812412262,0.6698052525520325,0.783187847957015,0.661051147807946,0.62198675,2003,15,40.0,0.0,40.0,65.11627906976744,,0,0.4549757557556625,85.13686830520089,0.15351364857826516,58.81766133077137,0,,0.0,E,35.5,0,0,0,1,0,0,58.81766133077137,58.81766133077137,58.81766133077137,58.81766133077137,58.81766133077137,58.81766133077137,85.13686830520089,0.35148376,33.955432838396305
0C71NJD4BhvPopTwI7a8KV,Seven Years,Translating the Name,Saosin,????,-0.7284811896928135,0.7870788413699205,"['post-hardcore', 'screamo', 'emo', 'emocore', 'emo pop']",????,0.249,0.941,-4.535,0.0956,2.24e-05,2.3e-06,0.327,0.223,81.686,"['post-hardcore', 'screamo', 'emo', 'emocore', 'emo pop']",0.06545532643795013,0.12234411239624024,0.2912372052669525,1.7240257740020752,0.08436694145202636,-0.20621839240193368,-0.6899659335613251,-0.7553072422742844,0.21884254664182662,0.5908886462450027,-1.497310185432434,0.0486588180065155,0.058786559104919436,-0.8384824812412262,0.6698052525520325,0.783187847957015,0.7212221498461802,0.7528365,2003,15,40.0,0.0,40.0,65.11627906976744,,0,0.27458011475692834,72.27501560352633,0.2353469474321531,63.997831643371036,0,,0.0,E,35.5,0,0,0,1,0,0,63.997831643371036,63.997831643371036,63.997831643371036,63.997831643371036,63.997831643371036,63.997831643371036,72.27501560352633,1.8186404,33.935030943575455
6otiaV2fagE3s8IvP6WkwG,I'm Just a Kid,"No Pads, No Helmets...Just Balls (15th Anniversary Tour Edition)",Simple Plan,????,-0.6519387840478824,1.6134958895256224,"['pop punk', 'punk', 'emo']",????,0.527,0.834,-5.531,0.0447,0.00107,0.000102,0.0993,0.422,110.065,"['pop punk', 'punk', 'emo']",0.06437064707279205,-0.517372784515222,0.45252617200215656,1.6617250045140584,1.3477072914441426,0.07883899907271068,-0.511992484331131,-0.302655354142189,0.9040289024511973,0.6051588853200277,-1.5009513696034749,0.2934836844603221,-1.4106879035631816,-0.6788321534792582,0.4811443934837977,0.42990465958913165,0.6966921027644265,0.6654785,2002,16,40.0,0.0,40.0,62.7906976744186,,0,0.41209592062658756,82.07962080050025,0.16371155776611462,59.46320424747338,0,,0.0,B,34.5,0,0,0,0,1,0,59.46320424747338,59.46320424747338,59.46320424747338,59.46320424747338,59.46320424747338,59.46320424747338,82.07962080050025,0.34599045,33.729076363311705
5wx5aqVGgv1jWLoGFKFdWM,Club Foot,Kasabian,Kasabian,2004,-0.4306046959742039,-0.5479025441123673,"['britpop', 'indie', 'indie rock']",RCA Records Label,0.238,0.919,-6.893,0.0816,0.0257,2.31e-05,0.0914,0.123,101.752,"['britpop', 'indie', 'indie rock']",-0.015889164258818367,-0.3406709215756667,0.45603238440468125,1.404201631883592,-0.038396736002498565,0.16828676837944742,-1.1061233731563995,-0.8757104846223963,0.41917552463704316,0.46356435973398585,-1.2153251740950453,0.19612367169067332,0.28223264181732005,-0.8936724206109075,1.1309724001844603,0.5238487294820698,0.7240496993435354,0.66593456,2004,14,40.0,0.0,40.0,67.44186046511628,,0,0.2911599960608905,73.45712837500012,0.217911825771743,62.89416234387134,0,,0.0,E,35.5,0,0,0,1,0,0,62.89416234387134,62.89416234387134,62.89416234387134,62.89416234387134,62.89416234387134,62.89416234387134,73.45712837500012,1.6555145,33.71013313619234
2teaBsajEi4BWAZOD92vmS,Wild in the Streets,Wild in the Streets,Circle Jerks,????,-1.293310879662881,0.08780287754586497,"['punk', 'hardcore punk', 'skate punk', 'hardcore']",????,0.454,0.994,-2.498,0.0368,0.00107,0.0,0.3,0.383,103.681,"['punk', 'hardcore punk', 'skate punk', 'hardcore']",0.6755535379052162,0.09289520513266325,0.2546142463106662,2.023931384086609,0.7990324818529189,-0.2504345774650574,-0.29225837101694196,-0.8929359093308449,0.3989241197705269,0.08291647210717201,-0.9680093228816986,0.2970292717218399,-0.6265443563461304,-0.9662530571222305,0.14233040064573288,0.8555552214384079,0.7154903863937456,0.71278274,1982,36,40.0,0.0,40.0,16.279069767441854,,0,0.35859230357795463,78.26491863986905,0.17324726156159515,60.066828571592204,0,,0.0,E,35.5,0,0,0,1,0,0,60.066828571592204,60.066828571592204,60.066828571592204,60.066828571592204,60.066828571592204,60.066828571592204,78.26491863986905,9.826734,33.65859808585244
1bujdcYDzWPyJHUiL6PXul,Act Appalled,Juturna,Circa Survive,????,-0.6178969389557525,0.08780287754586497,"['post-hardcore', 'screamo', 'emo']",????,0.38,0.924,-5.782,0.0719,0.000173,2.33e-06,0.176,0.28,153.99,"['post-hardcore', 'screamo', 'emo']",-0.08589052657286327,-0.3894130190213521,0.41620389372110367,1.6026440858840942,0.5832512875398,-0.34964896366000175,-0.6652323106924692,-0.542514498035113,-0.11924844980239868,1.1759534279505413,-1.4672367572784424,-0.33464158574740094,-0.3465432624022166,-0.9283123115698496,1.1734180847803752,1.2128482858339946,0.7315554829166987,0.68709487,2005,13,40.0,0.0,40.0,69.76744186046511,,0,0.3664484536757053,78.82504661635505,0.1742232617341371,60.12861084347545,0,,0.0,E,35.5,0,0,0,1,0,0,60.12861084347545,60.12861084347545,60.12861084347545,60.12861084347545,60.12861084347545,60.12861084347545,78.82504661635505,1.6056591,33.51822666992148
1EotcFbWTbMCXeKFVEtX6Y,Vindicated,Dusk And Summer,Dashboard Confessional,2006,-0.6103627486759376,0.8506493835357437,"['emo', 'emo pop', 'pop punk']",????,0.515,0.802,-3.423,0.0345,0.0321,0.0,0.0844,0.29,85.998,"['emo', 'emo pop', 'pop punk']",-0.30759097635746,-0.2588767309983571,0.12716971834500632,1.6490800778071086,0.8677550951639811,0.0512533833583196,-0.7991283039251963,-0.30209654072920483,0.7438450753688812,0.6311247001091639,-1.7885029713312786,0.13013224800427756,-0.7305760681629181,-0.48214993874231976,0.43296315769354504,0.2011091305563847,0.6443401915077273,0.6580389,2006,12,40.0,0.0,40.0,72.09302325581396,,0,0.4085615091491433,81.82762424693433,0.14821979768694626,58.482552645057716,0,,0.0,B,34.5,0,0,0,0,1,0,58.482552645057716,58.482552645057716,58.482552645057716,58.482552645057716,58.482552645057716,58.482552645057716,81.82762424693433,0.095845535,33.33073795532285
7dq9owG0R2pznVhh2oLmXy,Rockstar,Rockstar,DED,2024,-0.9640557253283396,-1.056466881438953,['nu metal'],????,0.451,0.896,-3.317,0.0793,8.34e-05,0.0112,0.0978,0.405,168.017,['nu metal'],0.6120759844779968,0.1632385402917862,-0.2131766974925995,1.5330077409744263,0.9163486361503601,0.31491291522979736,-1.7440732717514038,0.04068142920732498,0.37308430671691895,0.9970962405204773,-0.47748085856437683,2.0424206256866455,-0.48582956194877625,-0.9223368167877197,0.7086445093154907,1.23822820186615,0.7323142126129027,0.75752676,2024,6,24.0,3.333333333333333,20.666666666666668,86.04651162790698,10-20%,0,0.31995501417353583,75.51015626113123,-0.19154039548809937,36.9752238346797,0,,0.0,B,34.5,0,0,0,0,1,0,36.9752238346797,36.9752238346797,36.9752238346797,36.9752238346797,36.9752238346797,36.9752238346797,75.51015626113123,14.385872,33.14702712195778
0txLC5NA64M8siGn3mnET0,Do You Remember The First Time?,His N Hers,Pulp,1994,0.23799259638452083,0.659937757038274,"['britpop', 'madchester']",UMC (Universal Music Catalogue),0.404,0.902,-5.685,0.0468,0.0431,0.0,0.119,0.231,131.894,"['britpop', 'madchester']",0.6741707623004913,-0.619660772383213,0.3219411335885525,1.4941698908805847,0.6023598313331604,0.20325489342212677,-1.3752885162830353,-0.4145070016384125,0.2381741851568222,0.8612749576568604,-0.6337561309337616,0.6530908942222595,0.28509310632944107,-0.745480865240097,1.155038669705391,1.4514635801315308,0.7561252475360214,0.7310144,1994,24,40.0,0.0,40.0,44.18604651162791,,0,0.3474772649755514,77.4724383532831,0.11239753476359884,56.2149497801532,0,,0.0,B,34.5,0,0,0,0,1,0,56.2149497801532,56.2149497801532,56.2149497801532,56.2149497801532,56.2149497801532,56.2149497801532,77.4724383532831,40.30853,33.06750351224178
6xxXrNJnnsQNLdgNk8S4y8,Hate To Say I Told You So,Veni Vidi Vicious,The Hives,????,-0.6322615764672673,0.659937757038274,['garage rock'],????,0.451,0.929,-5.021,0.0549,0.00109,0.00785,0.442,0.378,135.767,['garage rock'],0.6441088318824768,-0.8491864800453186,0.6902205348014832,2.217115640640259,-0.7145585417747498,-0.1122337132692337,-0.16245347261428833,-0.8086522221565247,1.407668948173523,0.5265965461730957,-1.9334681034088135,0.2571121156215668,-1.342690348625183,-0.40903255343437195,0.8207629323005676,-0.33502325415611267,0.6003852022418052,0.6365442,2000,18,40.0,0.0,40.0,58.13953488372093,,0,0.39200766583439706,80.64736793263482,0.1440876287595234,58.22098016656456,0,,0.0,E,35.5,0,0,0,1,0,0,58.22098016656456,58.22098016656456,58.22098016656456,58.22098016656456,58.22098016656456,58.22098016656456,80.64736793263482,0.005217429,33.056814572732485
4wzjNqjKAKDU82e8uMhzmr,Face Down,Don't You Fake It,The Red Jumpsuit Apparatus,2006,-0.7393271119637556,1.8677780581889152,"['pop punk', 'emo']",????,0.545,0.932,-2.189,0.0399,0.000665,0.0,0.127,0.464,92.956,"['pop punk', 'emo']",-0.30408991128206253,-0.7173264473676682,0.047344088554382324,1.6624850034713745,1.834128975868225,-0.1665860190987587,-0.5149306803941727,-0.19219409674406052,0.4362821727991104,1.032015860080719,-1.5475713610649109,-0.036917075514793396,-1.3382712304592133,-0.5291197597980499,0.3982047811150551,0.2898803949356079,0.6076657350840394,0.6860626,2006,12,40.0,0.0,40.0,72.09302325581396,,0,0.3768980032256112,79.57007884865097,0.14397797673856477,58.214039029501265,0,,0.0,B,34.5,0,0,0,0,1,0,58.214039029501265,58.214039029501265,58.214039029501265,58.214039029501265,58.214039029501265,58.214039029501265,79.57007884865097,0.26201,32.90042617804924
6TlQ5fbojNRuG0hPQMbxeW,Live Forever - Remastered,Definitely Maybe (Deluxe Edition Remastered),Oasis,1994,0.42896914120619856,1.3592137208623294,"['britpop', 'madchester', 'rock']",????,0.286,0.822,-3.366,0.0381,2.31e-05,1.31e-05,0.353,0.19,90.96,"['britpop', 'madchester', 'rock']",0.05294813712437948,-0.2883762866258621,0.04808039218187332,1.6353646914164226,0.6676480372746786,0.5846257309118906,-1.3768558303515117,-0.31753336389859516,-0.17484920223553976,0.7460045218467712,-0.6632693409919739,0.28256966670354206,0.11874541143576305,-1.075497845808665,0.7565838980178038,1.3179597059885662,0.7323198197635696,0.6338792,1994,24,40.0,0.0,40.0,44.18604651162791,,0,0.3161321980302759,75.23759702484384,0.12644220113016694,57.103998184426416,0,,0.0,B,34.5,0,0,0,0,1,0,57.103998184426416,57.103998184426416,57.103998184426416,57.103998184426416,57.103998184426416,57.103998184426416,75.23759702484384,34.568195,32.88012476041061
7vDWbTPqSxy35xzrJJPzgZ,My Heroine,Discovering The Waterfront,Silverstein,????,-0.5185449792219317,-0.6750436284440137,"['post-hardcore', 'screamo', 'emo', 'emocore', 'metalcore', 'emo pop', 'pop punk']",????,0.413,0.809,-2.624,0.0321,0.000115,6.99e-05,0.187,0.141,154.128,"['post-hardcore', 'screamo', 'emo', 'emocore', 'metalcore', 'emo pop', 'pop punk']",0.155191964336804,-0.20678026335580008,0.057299637368747165,1.8641112531934465,0.46066127504621235,-0.1623782967882497,-0.7446163509573255,-0.720161035656929,0.16503563416855677,0.5463291598217828,-1.340707344668252,0.06036017542438848,-0.08787343331745692,-0.7967237872736794,0.6617460953337806,0.3640645697180714,0.7706154998010278,0.71399933,2005,13,40.0,0.0,40.0,69.76744186046511,,0,0.4486012976120033,84.68238203689185,0.09678100377896527,55.22639999265373,0,,0.0,E,35.5,0,0,0,1,0,0,55.22639999265373,55.22639999265373,55.22639999265373,55.22639999265373,55.22639999265373,55.22639999265373,84.68238203689185,1.7091885,32.63513695851637
42QKJpaoiHX0YEMAuxtVVI,I GOT THAT,VERITAS,P.O.D.,2024,-0.6418104037083512,0.08780287754586497,"['nu metal', 'christian rock', 'rap metal', 'rap rock', 'alternative metal']",Mascot Records,0.539,0.918,-3.405,0.0367,0.000166,0.000135,0.362,0.655,126.979,"['nu metal', 'christian rock', 'rap metal', 'rap rock', 'alternative metal']",0.7428011238574982,-0.16354706287384033,0.27490482926368714,1.4666454434394836,0.8762610018253326,-0.17987963557243347,-1.4249769687652587,-0.4315634712576866,0.41470297127962114,0.5565027475357056,-1.0639898180961609,1.0744386792182923,0.3117721378803253,-0.7280516743659973,0.6571099251508713,0.8684202015399933,0.6793723995980637,0.6401137,2024,6,24.0,3.333333333333333,20.666666666666668,86.04651162790698,10-20%,0,0.2759865211675686,72.375289601236,-0.1873594306060472,37.2398851701429,0,,0.0,B,34.5,0,0,0,0,1,0,37.2398851701429,37.2398851701429,37.2398851701429,37.2398851701429,37.2398851701429,37.2398851701429,72.375289601236,5.628667,32.30388823138377
3HFD33d1GOur9PQswfVeaP,One Foot In The Grave (feat. Aaron Pauley of Of Mice & Men),One Foot In The Grave (feat. Aaron Pauley of Of Mice & Men),"From Ashes to New,Of Mice & Men,Aaron Pauley",2024,-0.517799839523928,0.024232335380041745,"['rap rock', 'rap metal', 'metalcore', 'post-hardcore', 'screamo', 'metal', 'emo']",Better Noise Music,0.341,0.977,-4.431,0.412,0.0071,1.69e-05,0.305,0.4,199.999,"['rap rock', 'rap metal', 'metalcore', 'post-hardcore', 'screamo', 'metal', 'emo']",0.5541815821613584,-0.46435446185725077,0.19803899633032934,1.7124175088746207,0.6553018007959638,-0.1597970686852932,-0.8991135401385171,-0.4323841610125133,0.2046989787902151,0.6639419347047806,-1.3318814422403062,0.3431411036955459,-0.08072442242077418,-0.8039706732545581,0.8032143435307911,0.7638224618775504,0.6414349412691517,0.7581053,2024,6,24.0,3.333333333333333,20.666666666666668,86.04651162790698,10-20%,0,0.20330795057366685,67.19345114676038,-0.15860694052348576,39.05996083157915,0,,0.0,E,35.5,0,0,0,1,0,0,39.05996083157915,39.05996083157915,39.05996083157915,39.05996083157915,39.05996083157915,39.05996083157915,67.19345114676038,0.7393922,31.948571726477688
5FZxsHWIvUsmSK1IAvm2pp,Best of You,In Your Honor,Foo Fighters,????,0.13864063665070006,1.804207516023092,"['rock', 'post-grunge', 'alternative rock', 'grunge', 'modern rock']",RCA Records Label,0.366,0.94,-5.119,0.0696,0.000769,9.42e-05,0.188,0.369,130.198,"['rock', 'post-grunge', 'alternative rock', 'grunge', 'modern rock']",0.1729000985622406,-0.2652807354927063,-0.08018317222595214,2.018953537940979,0.3938066363334656,0.24615058898925782,-1.2132055679336191,-0.3482388611882925,-0.4556465566158295,0.22116236686706542,-0.8106271505355835,0.5607076779007911,-0.15978590436279774,-1.1996877312660217,0.2638881228864193,0.7254514098167419,0.7792162730866767,0.6596862,2005,13,40.0,0.0,40.0,69.76744186046511,,0,0.2898928898423736,73.36678620570096,0.06786479735214943,53.395960841561404,0,,0.0,E,35.5,0,0,0,1,0,0,53.395960841561404,53.395960841561404,53.395960841561404,53.395960841561404,53.395960841561404,53.395960841561404,73.36678620570096,54.780113,31.87096731625438
2aC8wwfrM0YeTAzzk8hxqC,Disco 2000,Different Class,Pulp,1995,0.3862891951705447,1.1049315521990366,"['britpop', 'madchester']",????,0.565,0.902,-7.579,0.0725,0.0132,0.0,0.0561,0.544,133.11,"['britpop', 'madchester']",0.6741707623004913,-0.619660772383213,0.3219411335885525,1.4941698908805847,0.6023598313331604,0.20325489342212677,-1.3752885162830353,-0.4145070016384125,0.2381741851568222,0.8612749576568604,-0.6337561309337616,0.6530908942222595,0.28509310632944107,-0.745480865240097,1.155038669705391,1.4514635801315308,0.647132591716806,0.62758917,1995,23,40.0,0.0,40.0,46.51162790697675,,0,0.3723661610259704,79.24696745573533,0.040695130643828736,51.6760802690213,0,,0.0,B,34.5,0,0,0,0,1,0,51.6760802690213,51.6760802690213,51.6760802690213,51.6760802690213,51.6760802690213,51.6760802690213,79.24696745573533,34.731216,31.532370508127887
6fTgbkBiMITtHUmik95ClX,MakeDamnSure,Louder Now (Deluxe Edition),Taking Back Sunday,2006,-0.5146812918989497,1.4227842630281526,"['emo', 'pop punk', 'emo pop', 'screamo']",????,0.552,0.836,-5.608,0.0453,0.00942,0.0,0.372,0.432,140.496,"['emo', 'pop punk', 'emo pop', 'screamo']",-0.13073145225644112,-0.3516221418976784,0.19910064339637756,1.5416762232780457,0.6885172799229622,-0.0681857280433178,-0.8131607845425606,-0.699513953179121,0.47242626547813416,0.9236111678183079,-1.5813856720924377,-0.2715933248400688,-0.45929743349552155,-0.6290628165006638,0.6835933513939381,0.5916947419755161,0.6975890978509186,0.66250104,2006,12,40.0,0.0,40.0,72.09302325581396,,0,0.43776116031720447,83.9095016702725,0.05279066814812966,52.441745898688616,0,,0.0,B,34.5,0,0,0,0,1,0,52.441745898688616,52.441745898688616,52.441745898688616,52.441745898688616,52.441745898688616,52.441745898688616,83.9095016702725,0.65450454,31.485088909749212
6DS51W3CvxpUO3Z8XXfKok,Kids,Morbid Stuff,PUP,2019,-0.4887393913017854,-0.6750436284440137,"['midwest emo', 'indie punk', 'emo', 'punk']",????,0.492,0.964,-3.475,0.0729,0.00046,0.00582,0.434,0.703,157.036,"['midwest emo', 'indie punk', 'emo', 'punk']",0.05037108436226845,-0.36464702896773815,0.6572033297270536,1.6203001737594604,0.21253257989883423,-0.08366954606026411,-0.6316195949912071,-0.2610655017197132,0.7085786946117878,0.3681150693446398,-1.7745597958564758,0.5045811049640179,-0.8268124740570784,-1.025680884718895,1.0946580916643143,0.4689961075782776,0.7258790000036186,0.7067029,2019,1,4.0,0.0,4.0,97.67441860465117,No adj.,0,0.2019544690112075,67.09695058613482,-0.35514151384849213,26.61902815018487,0,,0.0,E,35.5,0,0,0,1,0,0,26.61902815018487,26.61902815018487,26.61902815018487,26.61902815018487,26.61902815018487,26.61902815018487,67.09695058613482,0.002427099,31.435944855935546
1NVjbk3Q06lEvAPUlTauzr,The Separation of Church and Skate,War on Errorism,NOFX,????,-0.7706091803966127,0.4692261305408043,"['punk', 'skate punk', 'ska punk', 'ska', 'melodic hardcore', 'hardcore punk']",????,0.371,0.948,-3.796,0.159,0.00385,4.23e-05,0.0668,0.278,137.186,"['punk', 'skate punk', 'ska punk', 'ska', 'melodic hardcore', 'hardcore punk']",0.3536580015594761,-0.0527427326887846,0.6232298711935679,1.2772389066716034,1.0324042762319248,0.2685651481151581,-0.7759644736846288,-0.8587153901656469,0.5037570595741272,0.12311829378207524,-1.114828646183014,-0.014208038647969564,-0.7238750209410986,-1.2099426289399464,0.0749534120162328,0.6232806568344434,0.7419809676506934,0.6756657,2003,15,40.0,0.0,40.0,65.11627906976744,,0,0.31649728750525674,75.2636271829127,0.10447446231873178,55.71340743445406,0,,0.0,E,35.5,0,0,0,1,0,0,55.71340743445406,55.71340743445406,55.71340743445406,55.71340743445406,55.71340743445406,55.71340743445406,75.2636271829127,2.368649,31.417430226699274
72rJBBioVhxm4A3XajM3Yn,Trust Me,Trust Me,Sincere Engineer,2020,-0.8139238750638994,-1.628601760931362,"['midwest emo', 'indie punk']",????,0.354,0.869,-7.253,0.0675,0.000238,0.00325,0.0857,0.497,175.121,"['midwest emo', 'indie punk']",-0.4124089926481247,-0.5239713490009308,0.23147332295775414,1.7276265025138855,-0.8459924757480621,-0.16587001644074917,-0.9311578869819641,-0.32621754705905914,0.27978741377592087,0.49917036667466164,-2.033013701438904,0.6667651310563087,-0.42900141701102257,-0.9006494581699371,1.5488896369934082,0.1213085949420929,0.6110752755220801,0.7038883,2020,2,8.0,0.0,8.0,95.34883720930233,0-5%,0,0.2016185395225784,67.07299947746627,-0.3189463035540427,28.910239141939975,0,,0.0,E,35.5,0,0,0,1,0,0,28.910239141939975,28.910239141939975,28.910239141939975,28.910239141939975,28.910239141939975,28.910239141939975,67.07299947746627,0.00027315223,31.385254451170976
1lldOhIq1tf0XyQUBWDeOc,Letters To You,What It Is To Burn,Finch,????,-0.6344555989113893,0.08780287754586497,"['post-hardcore', 'screamo', 'emo', 'emo pop', 'emocore', 'pop punk']",????,0.409,0.847,-3.939,0.0519,2.17e-05,0.0,0.0952,0.336,117.935,"['post-hardcore', 'screamo', 'emo', 'emo pop', 'emocore', 'pop punk']",-0.08431895822286606,-0.08829206228256226,0.10798297822475433,1.76322603225708,0.3204735517501831,-0.1319394689053297,-0.720274085799853,-0.715445893506209,0.2552599149445693,0.7159667238593102,-1.49286554257075,0.07315849761168162,-0.24814730882644653,-0.6545807073513666,0.5852677250901858,0.5953809963539243,0.7918919097042341,0.74701077,2002,16,40.0,0.0,40.0,62.7906976744186,,0,0.32994591509943844,76.22248775292645,0.07044655416845838,53.559389912630316,0,,0.0,E,35.5,0,0,0,1,0,0,53.559389912630316,53.559389912630316,53.559389912630316,53.559389912630316,53.559389912630316,53.559389912630316,76.22248775292645,1.0999452,30.74775188845404
5jZ1Z2GFTf2gwmFc3qiUxs,The Taste of Ink,The Used,The Used,????,-0.5089823530975514,1.232072636530683,"['emo', 'screamo', 'post-hardcore', 'emo pop', 'pop punk', 'emocore']",????,0.541,0.904,-3.001,0.0435,0.00143,0.0,0.193,0.541,98.122,"['emo', 'screamo', 'post-hardcore', 'emo pop', 'pop punk', 'emocore']",-0.08431895822286606,-0.08829206228256226,0.10798297822475433,1.76322603225708,0.3204735517501831,-0.1319394689053297,-0.720274085799853,-0.715445893506209,0.2552599149445693,0.7159667238593102,-1.49286554257075,0.07315849761168162,-0.24814730882644653,-0.6545807073513666,0.5852677250901858,0.5953809963539243,0.7024623918657418,0.6873678,2002,16,40.0,0.0,40.0,62.7906976744186,,0,0.33294277630235847,76.43615803423658,0.036675217552755296,51.42161375300329,0,,0.0,E,35.5,0,0,0,1,0,0,51.42161375300329,51.42161375300329,51.42161375300329,51.42161375300329,51.42161375300329,51.42161375300329,76.43615803423658,1.141912,30.011462015274333
51c94ac31swyDQj9B3Lzs3,Change (In the House of Flies),White Pony,Deftones,????,0.7445082055441541,2.122060226852208,"['nu metal', 'alternative metal', 'rap metal', 'shoegaze']",Rhino,0.269,0.853,-4.647,0.0854,0.000249,0.000246,0.118,0.179,141.581,"['nu metal', 'alternative metal', 'rap metal', 'shoegaze']",0.35262731090188026,-0.7980714105069637,0.10691518150269985,1.5928578674793243,0.3455921486020088,0.11482853069901466,-1.2278257012367249,-0.1378435327205807,0.11522683873772621,0.8503274470567703,-0.9882452338933945,0.8656853847205639,0.07972974330186844,-1.0008757561445236,0.9817247465252876,1.1288111507892609,0.8252416656198187,0.75406134,2000,18,40.0,0.0,40.0,58.13953488372093,,0,0.2948341613262578,73.71908909746068,0.02922864347589508,50.9502344672629,0,,0.0,E,35.5,0,0,0,1,0,0,50.9502344672629,50.9502344672629,50.9502344672629,50.9502344672629,50.9502344672629,50.9502344672629,73.71908909746068,18.414936,29.95239585480396
3cnD0uH9C0AY4oxmb84gpc,After the Party,After The Party,The Menzingers,2017,-0.2105263062804945,0.1513734197116882,"['indie punk', 'punk', 'pop punk', 'skate punk']",Epitaph,0.209,0.962,-4.435,0.0482,0.000269,6.97e-05,0.15,0.351,184.267,"['indie punk', 'punk', 'pop punk', 'skate punk']",0.13470829278230667,-0.8343315031379461,0.4841701537370682,1.6056417524814606,0.7182792276144028,0.10564252827316523,-0.4883362501859665,-0.23598942905664444,0.6697481460869312,0.5087817180901766,-1.7681974172592163,0.2957955114543438,-1.1942930072546005,-0.6742057204246521,0.7548899985849857,0.46636301279067993,0.7676737860264826,0.74931014,2017,1,4.0,0.0,4.0,97.67441860465117,No adj.,0,0.1286234269016941,61.868592202023564,-0.36474542850230424,26.01108597662975,0,,0.0,E,35.5,0,0,0,1,0,0,26.01108597662975,26.01108597662975,26.01108597662975,26.01108597662975,26.01108597662975,26.01108597662975,61.868592202023564,0.0010221382,29.830896713656415
5UWwZ5lm5PKu6eKsHAGxOk,Everlong,The Colour And The Shape,Foo Fighters,1997,0.06854230950517094,2.3127718533496777,"['rock', 'post-grunge', 'alternative rock', 'grunge', 'modern rock']",RCA Records Label,0.413,0.881,-5.541,0.0367,5.99e-05,0.000308,0.0805,0.364,158.066,"['rock', 'post-grunge', 'alternative rock', 'grunge', 'modern rock']",0.1729000985622406,-0.2652807354927063,-0.08018317222595214,2.018953537940979,0.3938066363334656,0.24615058898925782,-1.2132055679336191,-0.3482388611882925,-0.4556465566158295,0.22116236686706542,-0.8106271505355835,0.5607076779007911,-0.15978590436279774,-1.1996877312660217,0.2638881228864193,0.7254514098167419,0.6996312374953377,0.6233906,1997,21,40.0,0.0,40.0,51.162790697674424,,0,0.33343623983971005,76.47134100925706,-0.058322655731906856,45.408106173063764,0,,0.0,E,35.5,0,0,0,1,0,0,45.408106173063764,45.408106173063764,45.408106173063764,45.408106173063764,45.408106173063764,45.408106173063764,76.47134100925706,33.445965,28.82099836100383
29dljceloiAgAeARUwZ3QC,Smile In Your Sleep,Discovering The Waterfront,Silverstein,????,-0.7128332560347367,0.8506493835357437,"['post-hardcore', 'screamo', 'emo', 'emocore', 'metalcore', 'emo pop', 'pop punk']",????,0.433,0.952,-3.177,0.18,0.00301,1.6e-05,0.406,0.296,184.055,"['post-hardcore', 'screamo', 'emo', 'emocore', 'metalcore', 'emo pop', 'pop punk']",0.155191964336804,-0.20678026335580008,0.057299637368747165,1.8641112531934465,0.46066127504621235,-0.1623782967882497,-0.7446163509573255,-0.720161035656929,0.16503563416855677,0.5463291598217828,-1.340707344668252,0.06036017542438848,-0.08787343331745692,-0.7967237872736794,0.6617460953337806,0.3640645697180714,0.7069230365963863,0.75057274,2005,13,40.0,0.0,40.0,69.76744186046511,,0,0.38446498367026233,80.10958960033392,-0.04711638813161652,46.11747968667122,0,,0.0,E,35.5,0,0,0,1,0,0,46.11747968667122,46.11747968667122,46.11747968667122,46.11747968667122,46.11747968667122,46.11747968667122,80.10958960033392,5.810555,28.79304778384123
