Track ID,Track Name,Album Name,Artist Name(s),Release Date,Duration (ms),Popularity,Added By,Added At,Genres,Record Label,Danceability,Energy,Key,Loudness,Mode,Speechiness,Acousticness,Instrumentalness,Liveness,Valence,Tempo,Time Signature,genres_list,genre_embedding,genre_dim_0,genre_dim_1,genre_dim_2,genre_dim_3,genre_dim_4,genre_dim_5,genre_dim_6,genre_dim_7,genre_dim_8,genre_dim_9,genre_dim_10,genre_dim_11,genre_dim_12,genre_dim_13,genre_dim_14,genre_dim_15,new_cluster_label
7hdQyiOV1BGk0A396zZ5xG,The Emptiness Machine,Over Each Other,Linkin Park,2024-10-24,190427,47,21focq27ocnh36hhvz3btzlwy,2025-03-14T16:40:51Z,"nu metal,rap metal,rock,alternative metal",Warner Records,0.466,0.872,7,-3.344,1,0.0336,0.0156,0.0,0.121,0.806,184.115,4,"['nu metal', 'rap metal', 'rock', 'alternative metal']","[0.10342534631490707, -0.27066272869706154, -0.04117414355278015, 1.74568709731102, 0.7063010260462761, 0.4290051907300949, -1.5082664638757706, -0.16944288276135921, -0.07099102810025215, 0.9213438928127289, -0.5198734849691391, 0.7055672109127045, 0.12803301960229874, -1.1705101281404495, 0.5973426168784499, 1.159376472234726]",0.10342534631490707,-0.27066272869706154,-0.04117414355278015,1.74568709731102,0.7063010260462761,0.4290051907300949,-1.5082664638757706,-0.16944288276135921,-0.07099102810025215,0.9213438928127289,-0.5198734849691391,0.7055672109127045,0.12803301960229874,-1.1705101281404495,0.5973426168784499,1.159376472234726,C
2nLtzopw4rPReszdYBJU6h,Numb,Meteora,Linkin Park,2003-03-25,187520,87,21focq27ocnh36hhvz3btzlwy,2025-03-14T16:40:51Z,"nu metal,rap metal,rock,alternative metal",Warner Records,0.488,0.87,6,-4.185,0,0.0421,0.00353,0.0,0.484,0.211,110.072,4,"['nu metal', 'rap metal', 'rock', 'alternative metal']","[0.10342534631490707, -0.27066272869706154, -0.04117414355278015, 1.74568709731102, 0.7063010260462761, 0.4290051907300949, -1.5082664638757706, -0.16944288276135921, -0.07099102810025215, 0.9213438928127289, -0.5198734849691391, 0.7055672109127045, 0.12803301960229874, -1.1705101281404495, 0.5973426168784499, 1.159376472234726]",0.10342534631490707,-0.27066272869706154,-0.04117414355278015,1.74568709731102,0.7063010260462761,0.4290051907300949,-1.5082664638757706,-0.16944288276135921,-0.07099102810025215,0.9213438928127289,-0.5198734849691391,0.7055672109127045,0.12803301960229874,-1.1705101281404495,0.5973426168784499,1.159376472234726,C
2Uvaa3IEPU7iue2cVXsMxf,What I've Done,Minutes to Midnight (Deluxe Edition),Linkin Park,2007-05-14,205447,36,21focq27ocnh36hhvz3btzlwy,2025-03-14T16:40:51Z,"nu metal,rap metal,rock,alternative metal",Warner Records,0.625,0.917,5,-5.576,1,0.0313,0.0135,0.0,0.16,0.305,120.093,4,"['nu metal', 'rap metal', 'rock', 'alternative metal']","[0.10342534631490707, -0.27066272869706154, -0.04117414355278015, 1.74568709731102, 0.7063010260462761, 0.4290051907300949, -1.5082664638757706, -0.16944288276135921, -0.07099102810025215, 0.9213438928127289, -0.5198734849691391, 0.7055672109127045, 0.12803301960229874, -1.1705101281404495, 0.5973426168784499, 1.159376472234726]",0.10342534631490707,-0.27066272869706154,-0.04117414355278015,1.74568709731102,0.7063010260462761,0.4290051907300949,-1.5082664638757706,-0.16944288276135921,-0.07099102810025215,0.9213438928127289,-0.5198734849691391,0.7055672109127045,0.12803301960229874,-1.1705101281404495,0.5973426168784499,1.159376472234726,C
7M8eZBRTD9QNasEVReEM0H,IGYEIH,From Zero,Linkin Park,2024-11-15,209083,70,21focq27ocnh36hhvz3btzlwy,2025-03-14T16:40:51Z,"nu metal,rap metal,rock,alternative metal",Warner Records,0.442,0.968,2,-3.417,1,0.126,0.00227,1.53e-05,0.296,0.308,159.974,4,"['nu metal', 'rap metal', 'rock', 'alternative metal']","[0.10342534631490707, -0.27066272869706154, -0.04117414355278015, 1.74568709731102, 0.7063010260462761, 0.4290051907300949, -1.5082664638757706, -0.16944288276135921, -0.07099102810025215, 0.9213438928127289, -0.5198734849691391, 0.7055672109127045, 0.12803301960229874, -1.1705101281404495, 0.5973426168784499, 1.159376472234726]",0.10342534631490707,-0.27066272869706154,-0.04117414355278015,1.74568709731102,0.7063010260462761,0.4290051907300949,-1.5082664638757706,-0.16944288276135921,-0.07099102810025215,0.9213438928127289,-0.5198734849691391,0.7055672109127045,0.12803301960229874,-1.1705101281404495,0.5973426168784499,1.159376472234726,C
6aCBjSb87RizdH8lVBIRW7,Good Things Go,From Zero,Linkin Park,2024-11-15,209844,72,21focq27ocnh36hhvz3btzlwy,2025-03-14T16:40:51Z,"nu metal,rap metal,rock,alternative metal",Warner Records,0.541,0.757,2,-5.37,0,0.0421,0.00867,0.0,0.136,0.307,127.005,4,"['nu metal', 'rap metal', 'rock', 'alternative metal']","[0.10342534631490707, -0.27066272869706154, -0.04117414355278015, 1.74568709731102, 0.7063010260462761, 0.4290051907300949, -1.5082664638757706, -0.16944288276135921, -0.07099102810025215, 0.9213438928127289, -0.5198734849691391, 0.7055672109127045, 0.12803301960229874, -1.1705101281404495, 0.5973426168784499, 1.159376472234726]",0.10342534631490707,-0.27066272869706154,-0.04117414355278015,1.74568709731102,0.7063010260462761,0.4290051907300949,-1.5082664638757706,-0.16944288276135921,-0.07099102810025215,0.9213438928127289,-0.5198734849691391,0.7055672109127045,0.12803301960229874,-1.1705101281404495,0.5973426168784499,1.159376472234726,C
6TfBA04WJ3X1d1wXhaCFVT,"You're Gonna Go Far, Kid","Rise And Fall, Rage And Grace",The Offspring,2008-06-17,177826,80,21focq27ocnh36hhvz3btzlwy,2025-03-14T16:40:51Z,"punk,skate punk",Concord Records,0.55,0.917,0,-3.159,1,0.0638,0.00428,0.0,0.197,0.601,126.115,4,"['punk', 'skate punk']","[0.5539957582950592, -0.29522423073649406, 1.1996105313301086, 1.5079056024551392, 1.2177857458591461, 0.0748700201511383, -0.44187459349632263, -0.061883345246315, 1.0705759674310684, 0.30802637338638306, -1.5079435110092163, 0.44156353175640106, -1.1234353482723236, -1.0196534395217896, 0.7290093004703522, 0.8285136520862579]",0.5539957582950592,-0.29522423073649406,1.1996105313301086,1.5079056024551392,1.2177857458591461,0.0748700201511383,-0.44187459349632263,-0.061883345246315,1.0705759674310684,0.30802637338638306,-1.5079435110092163,0.44156353175640106,-1.1234353482723236,-1.0196534395217896,0.7290093004703522,0.8285136520862579,J
0WhSlHpA9T6S8pKyz7DRBx,Hooked On A Feeling,Big-5 : Björn Skifs,"Blue Swede,Björn Skifs",2010-11-19,172866,23,21focq27ocnh36hhvz3btzlwy,2025-03-14T16:40:51Z,"classic rock, rock, swedish, 70s, oldies",Parlophone Sweden,0.547,0.82,8,-6.728,1,0.0805,0.261,0.0,0.3,0.933,118.208,4,"['classic rock', 'rock', 'swedish', '70s', 'oldies']","[-0.9753232361545088, -0.4788822092468763, 0.13777281682996545, 1.5154107039743394, 0.8146057674302938, 0.47502110060304403, -0.7100175935192965, -0.6512079705571523, -0.15102360517357738, -0.08397766577218135, -1.3053653403185308, 0.5367614534625318, -0.1163259847999143, -0.7052196401436959, 0.1974874323580309, 0.2633040032815188]",-0.9753232361545088,-0.4788822092468763,0.13777281682996545,1.5154107039743394,0.8146057674302938,0.47502110060304403,-0.7100175935192965,-0.6512079705571523,-0.15102360517357738,-0.08397766577218135,-1.3053653403185308,0.5367614534625318,-0.1163259847999143,-0.7052196401436959,0.1974874323580309,0.2633040032815188,H
6nnacTL5on2aVsRhVDNUSo,Through the Fire and Flames,Inhuman Rampage,DragonForce,2006-05-23,441560,61,21focq27ocnh36hhvz3btzlwy,2025-03-14T16:40:51Z,"power metal,speed metal,metal,melodic metal,symphonic metal",Roadrunner Records,0.113,0.951,0,-4.743,0,0.129,0.00176,0.00718,0.334,0.139,200.024,4,"['power metal', 'speed metal', 'metal', 'melodic metal', 'symphonic metal']","[0.05808092355728149, -0.12033286094665527, 0.3554893434047699, 1.7195427060127257, 0.750094835460186, 0.22578010857105255, -0.9394413135945797, -0.6458966314792634, 0.4644118696451187, 1.0220278948545456, -0.873087152838707, 0.7872098989784717, -0.8882385730743408, -0.7630847215652465, 0.4118504345417023, 0.16405212879180908]",0.05808092355728149,-0.12033286094665527,0.3554893434047699,1.7195427060127257,0.750094835460186,0.22578010857105255,-0.9394413135945797,-0.6458966314792634,0.4644118696451187,1.0220278948545456,-0.873087152838707,0.7872098989784717,-0.8882385730743408,-0.7630847215652465,0.4118504345417023,0.16405212879180908,B
2374M0fQpWi3dLnB54qaLX,Africa,Toto IV,TOTO,1982-04-08,295893,86,21focq27ocnh36hhvz3btzlwy,2025-03-14T16:40:51Z,soft rock,Columbia,0.671,0.373,9,-18.064,1,0.0323,0.257,8.01e-05,0.0481,0.732,92.718,4,['soft rock'],"[0.675947904586792, -0.47318407893180847, -0.143776535987854, 1.6764289140701294, -0.9781320095062256, -0.6455601453781128, -0.22708486020565033, -2.1694984436035156, -0.4067502021789551, -0.05474810302257538, -0.02246827445924282, 1.1540923118591309, 0.1471477895975113, -1.341497540473938, 0.21486550569534302, 1.0001215934753418]",0.675947904586792,-0.47318407893180847,-0.143776535987854,1.6764289140701294,-0.9781320095062256,-0.6455601453781128,-0.22708486020565033,-2.1694984436035156,-0.4067502021789551,-0.05474810302257538,-0.02246827445924282,1.1540923118591309,0.1471477895975113,-1.341497540473938,0.21486550569534302,1.0001215934753418,F
0eZBeB2xFIS65jQHerispi,The Sound of Silence,Immortalized (Deluxe Edition),Disturbed,2015-08-14,248466,66,21focq27ocnh36hhvz3btzlwy,2025-03-14T16:40:51Z,"metal,nu metal,alternative metal,rap metal,hard rock,rock,heavy metal",Reprise,0.322,0.28,6,-9.367,0,0.0281,0.468,1.1e-06,0.102,0.175,85.794,4,"['metal', 'nu metal', 'alternative metal', 'rap metal', 'hard rock', 'rock', 'heavy metal']","[0.2098320477775165, -0.05206390071128096, 0.1120438485273293, 1.722739543233599, 0.5498422766769571, 0.27767607087402474, -1.2593105882406235, -0.3471519567205438, 0.3195882113442557, 0.7071219608187675, -0.8008979145171387, 0.828182701154479, 0.025738889085394994, -1.0988540279545955, 0.5843538568754282, 0.7696491120649236]",0.2098320477775165,-0.05206390071128096,0.1120438485273293,1.722739543233599,0.5498422766769571,0.27767607087402474,-1.2593105882406235,-0.3471519567205438,0.3195882113442557,0.7071219608187675,-0.8008979145171387,0.828182701154479,0.025738889085394994,-1.0988540279545955,0.5843538568754282,0.7696491120649236,F
3ppxTWMGWq7f9tofjNPxiI,Mr. Brightside,Direct Hits,The Killers,2013-01-01,223973,41,21focq27ocnh36hhvz3btzlwy,2025-03-14T16:40:51Z,alternative rock,Island Records,0.344,0.931,1,-3.759,1,0.0783,0.00104,0.0,0.0903,0.251,148.104,4,['alternative rock'],"[-0.6097552180290222, -0.41225114464759827, 0.25198909640312195, 1.5602171421051025, -0.916124701499939, 0.8584166169166565, -1.2086220979690552, -0.009363142773509026, -0.24360942840576172, 0.6656711101531982, -1.8337148427963257, 1.2093380689620972, -0.8491429686546326, -0.4332364797592163, 1.2446786165237427, 1.3340814113616943]",-0.6097552180290222,-0.41225114464759827,0.25198909640312195,1.5602171421051025,-0.916124701499939,0.8584166169166565,-1.2086220979690552,-0.009363142773509026,-0.24360942840576172,0.6656711101531982,-1.8337148427963257,1.2093380689620972,-0.8491429686546326,-0.4332364797592163,1.2446786165237427,1.3340814113616943,E
4sJOuZGBuoNhtocxAO9IkC,Breaking All Illusions,A Dramatic Turn of Events,Dream Theater,2011-08-25,745546,39,21focq27ocnh36hhvz3btzlwy,2025-03-14T16:40:51Z,"progressive metal,progressive rock,metal",Roadrunner Records,0.297,0.852,2,-7.265,0,0.0505,0.0111,0.0696,0.349,0.342,149.989,4,"['progressive metal', 'progressive rock', 'metal']","[0.16653170188268027, -0.11398358643054962, 0.6786055862903595, 1.837541937828064, 0.6871991753578186, 0.17915301521619162, 0.13801128913958868, -0.9086203475793203, 0.7132832383116087, 0.07853906850020091, -1.0297122597694397, 0.3623903691768646, -0.6678220729033152, -1.2920743028322856, 0.5845892801880836, 0.6886318922042847]",0.16653170188268027,-0.11398358643054962,0.6786055862903595,1.837541937828064,0.6871991753578186,0.17915301521619162,0.13801128913958868,-0.9086203475793203,0.7132832383116087,0.07853906850020091,-1.0297122597694397,0.3623903691768646,-0.6678220729033152,-1.2920743028322856,0.5845892801880836,0.6886318922042847,J
5rX6C5QVvvZB7XckETNych,All Summer Long,Rock n Roll Jesus,Kid Rock,2007-10-09,297586,71,21focq27ocnh36hhvz3btzlwy,2025-03-14T16:40:51Z,"rock, hard rock, alternative rock, rap, alternative",Top Dog/Atlantic,0.7,0.864,7,-3.629,1,0.0283,0.0212,0.0,0.0956,0.887,102.997,4,"['rock', 'hard rock', 'alternative rock', 'rap', 'alternative']","[-0.23962042421095675, 0.07443801981588716, -0.11820060703903437, 1.3372773161924936, 0.07064568610204494, 0.695809481769581, -1.2177144753363203, -0.7321610758957617, -0.23933643526877005, 0.24266086158561792, -1.280236443351297, 0.6511187943191651, 0.46653327998321725, -1.041267190073781, 0.31618877039564885, 0.2713818252963178]",-0.23962042421095675,0.07443801981588716,-0.11820060703903437,1.3372773161924936,0.07064568610204494,0.695809481769581,-1.2177144753363203,-0.7321610758957617,-0.23933643526877005,0.24266086158561792,-1.280236443351297,0.6511187943191651,0.46653327998321725,-1.041267190073781,0.31618877039564885,0.2713818252963178,D
3enPakKWAUmLhSaWE8I0aT,Heart Demolition,Extreme Power Metal,DragonForce,2019-09-27,339373,31,21focq27ocnh36hhvz3btzlwy,2025-03-14T16:40:51Z,"power metal,speed metal,metal,melodic metal,symphonic metal",Metal Blade Records,0.368,0.982,0,-3.443,1,0.143,0.000554,1.09e-05,0.0435,0.272,184.917,4,"['power metal', 'speed metal', 'metal', 'melodic metal', 'symphonic metal']","[0.05808092355728149, -0.12033286094665527, 0.3554893434047699, 1.7195427060127257, 0.750094835460186, 0.22578010857105255, -0.9394413135945797, -0.6458966314792634, 0.4644118696451187, 1.0220278948545456, -0.873087152838707, 0.7872098989784717, -0.8882385730743408, -0.7630847215652465, 0.4118504345417023, 0.16405212879180908]",0.05808092355728149,-0.12033286094665527,0.3554893434047699,1.7195427060127257,0.750094835460186,0.22578010857105255,-0.9394413135945797,-0.6458966314792634,0.4644118696451187,1.0220278948545456,-0.873087152838707,0.7872098989784717,-0.8882385730743408,-0.7630847215652465,0.4118504345417023,0.16405212879180908,B
2B3D38o8GaXnZo6DnTyZ2m,Ego Death (feat. Steve Vai),Remember That You Will Die,"Polyphia,Steve Vai",2022-10-28,350085,57,21focq27ocnh36hhvz3btzlwy,2025-03-14T16:40:51Z,"math rock,djent,progressive metal,progressive rock",Rise Records,0.655,0.763,2,-5.202,0,0.0526,0.0374,0.678,0.0703,0.445,128.028,4,"['math rock', 'djent', 'progressive metal', 'progressive rock']","[-0.29362811893224716, -0.00011814432218670845, -0.09588398784399033, 2.064273953437805, 0.9456843882799149, 0.3905964883961133, -0.524592062458396, -0.5721070393919945, -0.028459565714001656, 0.4382663629949093, -0.5813917815685272, 0.4821668639779091, -0.16754888743162155, -1.4420782923698425, 0.20522555988281965, 0.5028641447424889]",-0.29362811893224716,-0.00011814432218670845,-0.09588398784399033,2.064273953437805,0.9456843882799149,0.3905964883961133,-0.524592062458396,-0.5721070393919945,-0.028459565714001656,0.4382663629949093,-0.5813917815685272,0.4821668639779091,-0.16754888743162155,-1.4420782923698425,0.20522555988281965,0.5028641447424889,F
0ihvvOdzJBMu3EmT8uNFaV,Three Hammers,Maximum Overload (Deluxe),DragonForce,2014-08-19,350466,16,21focq27ocnh36hhvz3btzlwy,2025-03-14T16:40:51Z,"power metal,speed metal,metal,melodic metal,symphonic metal",Electric Generation Recordings,0.243,0.929,1,-4.324,1,0.0732,2.63e-05,2.19e-05,0.162,0.364,124.599,4,"['power metal', 'speed metal', 'metal', 'melodic metal', 'symphonic metal']","[0.05808092355728149, -0.12033286094665527, 0.3554893434047699, 1.7195427060127257, 0.750094835460186, 0.22578010857105255, -0.9394413135945797, -0.6458966314792634, 0.4644118696451187, 1.0220278948545456, -0.873087152838707, 0.7872098989784717, -0.8882385730743408, -0.7630847215652465, 0.4118504345417023, 0.16405212879180908]",0.05808092355728149,-0.12033286094665527,0.3554893434047699,1.7195427060127257,0.750094835460186,0.22578010857105255,-0.9394413135945797,-0.6458966314792634,0.4644118696451187,1.0220278948545456,-0.873087152838707,0.7872098989784717,-0.8882385730743408,-0.7630847215652465,0.4118504345417023,0.16405212879180908,B
4Q1Qfs8g2G5hfyfWJmtQDM,The Killer Queen,Warp Speed Warriors,DragonForce,2024-03-15,349314,34,21focq27ocnh36hhvz3btzlwy,2025-03-14T16:40:51Z,"power metal,speed metal,metal,melodic metal,symphonic metal",Napalm Records Handels GmbH,0.3,0.954,7,-4.873,1,0.136,0.00312,3.08e-05,0.313,0.202,200.154,4,"['power metal', 'speed metal', 'metal', 'melodic metal', 'symphonic metal']","[0.05808092355728149, -0.12033286094665527, 0.3554893434047699, 1.7195427060127257, 0.750094835460186, 0.22578010857105255, -0.9394413135945797, -0.6458966314792634, 0.4644118696451187, 1.0220278948545456, -0.873087152838707, 0.7872098989784717, -0.8882385730743408, -0.7630847215652465, 0.4118504345417023, 0.16405212879180908]",0.05808092355728149,-0.12033286094665527,0.3554893434047699,1.7195427060127257,0.750094835460186,0.22578010857105255,-0.9394413135945797,-0.6458966314792634,0.4644118696451187,1.0220278948545456,-0.873087152838707,0.7872098989784717,-0.8882385730743408,-0.7630847215652465,0.4118504345417023,0.16405212879180908,B
3I03aHuPJ98SKcWbEdpHvj,MY HOPE IS GONE,INTO THE PURGATORY,GALNERYUS,2019-10-23,420346,21,21focq27ocnh36hhvz3btzlwy,2025-03-14T16:40:51Z,"power metal,anime,j-rock,visual kei,symphonic metal,neoclassical,speed metal",WM Japan,0.14,0.967,11,-2.319,0,0.0863,3.71e-05,0.00109,0.481,0.173,86.677,4,"['power metal', 'anime', 'j-rock', 'visual kei', 'symphonic metal', 'neoclassical', 'speed metal']","[0.19669468168701446, 0.02769400179386139, 0.15729784752641404, 1.5644507152693612, 1.0115424767136574, -0.10145976873380798, -1.2021320648491383, -0.6970646934849876, 0.20669289997645787, 1.3373344114848547, -0.7025178564446313, 1.098986473998853, -0.4717536228043692, -0.8330400288105011, 0.204732745885849, 0.017939829400607517]",0.19669468168701446,0.02769400179386139,0.15729784752641404,1.5644507152693612,1.0115424767136574,-0.10145976873380798,-1.2021320648491383,-0.6970646934849876,0.20669289997645787,1.3373344114848547,-0.7025178564446313,1.098986473998853,-0.4717536228043692,-0.8330400288105011,0.204732745885849,0.017939829400607517,B
56MEbUIvvfEEkLIl51wxGD,Say It Ain't So,Weezer,Weezer,2004-05-10,258853,57,21focq27ocnh36hhvz3btzlwy,2025-03-14T16:40:51Z,alternative rock,Geffen,0.633,0.565,3,-6.18,1,0.0325,0.00733,2.58e-06,0.0908,0.478,151.693,4,['alternative rock'],"[-0.6097552180290222, -0.41225114464759827, 0.25198909640312195, 1.5602171421051025, -0.916124701499939, 0.8584166169166565, -1.2086220979690552, -0.009363142773509026, -0.24360942840576172, 0.6656711101531982, -1.8337148427963257, 1.2093380689620972, -0.8491429686546326, -0.4332364797592163, 1.2446786165237427, 1.3340814113616943]",-0.6097552180290222,-0.41225114464759827,0.25198909640312195,1.5602171421051025,-0.916124701499939,0.8584166169166565,-1.2086220979690552,-0.009363142773509026,-0.24360942840576172,0.6656711101531982,-1.8337148427963257,1.2093380689620972,-0.8491429686546326,-0.4332364797592163,1.2446786165237427,1.3340814113616943,E
4nkvHdLtNsmqPUu5PachS8,BRUTAL SPIRAL OF EMOTIONS,ULTIMATE SACRIFICE,GALNERYUS,2017-09-27,688760,20,21focq27ocnh36hhvz3btzlwy,2025-03-14T16:40:51Z,"power metal,anime,j-rock,visual kei,symphonic metal,neoclassical,speed metal",WM Japan,0.235,0.905,6,-3.086,0,0.0842,0.00334,2.05e-05,0.374,0.189,150.056,4,"['power metal', 'anime', 'j-rock', 'visual kei', 'symphonic metal', 'neoclassical', 'speed metal']","[0.19669468168701446, 0.02769400179386139, 0.15729784752641404, 1.5644507152693612, 1.0115424767136574, -0.10145976873380798, -1.2021320648491383, -0.6970646934849876, 0.20669289997645787, 1.3373344114848547, -0.7025178564446313, 1.098986473998853, -0.4717536228043692, -0.8330400288105011, 0.204732745885849, 0.017939829400607517]",0.19669468168701446,0.02769400179386139,0.15729784752641404,1.5644507152693612,1.0115424767136574,-0.10145976873380798,-1.2021320648491383,-0.6970646934849876,0.20669289997645787,1.3373344114848547,-0.7025178564446313,1.098986473998853,-0.4717536228043692,-0.8330400288105011,0.204732745885849,0.017939829400607517,B
7piw04hPQZ1OHZ9Fq9JOXR,Time of Dying,One-X,Three Days Grace,2006-06-25,186373,67,21focq27ocnh36hhvz3btzlwy,2025-03-14T16:40:51Z,"post-grunge,rock",Jive,0.306,0.873,0,-3.668,0,0.0567,0.00105,0.0,0.52,0.452,198.387,4,"['post-grunge', 'rock']","[0.2711135745048523, -0.41662849485874176, -0.10916368663311005, 2.0051934123039246, 1.0341697931289673, 0.3906032145023346, -1.405557930469513, -0.3983527570962906, -0.8848223090171814, -0.2513483464717865, -0.573890820145607, -0.25632501766085625, -0.12195723224431276, -1.7246256470680237, 0.33526032976806164, 0.23606088757514954]",0.2711135745048523,-0.41662849485874176,-0.10916368663311005,2.0051934123039246,1.0341697931289673,0.3906032145023346,-1.405557930469513,-0.3983527570962906,-0.8848223090171814,-0.2513483464717865,-0.573890820145607,-0.25632501766085625,-0.12195723224431276,-1.7246256470680237,0.33526032976806164,0.23606088757514954,C
0JJP0IS4w0fJx01EcrfkDe,"Dear Maria, Count Me In","So Wrong, It's Right",All Time Low,2007-09-25,182826,78,21focq27ocnh36hhvz3btzlwy,2025-03-14T16:40:51Z,"pop punk,emo,emo pop,punk",Hopeless Records,0.459,0.895,2,-3.126,1,0.0805,0.00725,0.0,0.206,0.572,181.04,4,"['pop punk', 'emo', 'emo pop', 'punk']","[-0.03037029132246971, -0.2235239129513502, 0.411099873483181, 1.651861310005188, 0.7445323020219803, 0.18086229637265205, -0.7258752509951591, -0.3574668727815151, 1.0177643969655037, 0.4112047590315342, -1.6933050751686096, 0.3361704871058464, -0.9368123635649681, -0.6061766892671585, 0.4864782728254795, 0.32832014514133334]",-0.03037029132246971,-0.2235239129513502,0.411099873483181,1.651861310005188,0.7445323020219803,0.18086229637265205,-0.7258752509951591,-0.3574668727815151,1.0177643969655037,0.4112047590315342,-1.6933050751686096,0.3361704871058464,-0.9368123635649681,-0.6061766892671585,0.4864782728254795,0.32832014514133334,G
0COqiPhxzoWICwFCS4eZcp,Bring Me To Life,Fallen,Evanescence,2003-03-04,235893,85,21focq27ocnh36hhvz3btzlwy,2025-03-14T16:40:51Z,alternative metal,The Bicycle Music Company,0.331,0.943,4,-3.188,0,0.0698,0.00721,2.06e-06,0.242,0.296,94.612,4,['alternative metal'],"[0.8157141208648682, -1.081383466720581, 0.8111690878868103, 1.4067875146865845, 0.6823307871818542, -0.312304824590683, -0.9436989426612854, -1.087775468826294, -0.1991903930902481, 0.9410254955291748, -0.5407623052597046, -0.6342871785163879, 0.7297994494438171, -0.8167715668678284, 1.8272979259490967, 1.6769754886627197]",0.8157141208648682,-1.081383466720581,0.8111690878868103,1.4067875146865845,0.6823307871818542,-0.312304824590683,-0.9436989426612854,-1.087775468826294,-0.1991903930902481,0.9410254955291748,-0.5407623052597046,-0.6342871785163879,0.7297994494438171,-0.8167715668678284,1.8272979259490967,1.6769754886627197,I
4Zc7TCHzuNwL0AFBlyLdyr,Run to the Hills - 2015 Remaster,The Number of the Beast (2015 Remaster),Iron Maiden,1982,233506,70,21focq27ocnh36hhvz3btzlwy,2025-03-14T16:40:51Z,"heavy metal,metal,hard rock,rock",Parlophone UK,0.249,0.943,0,-5.188,1,0.0669,0.0286,0.00401,0.162,0.458,173.671,4,"['heavy metal', 'metal', 'hard rock', 'rock']","[-0.033593541011214256, 0.2730990736745298, 0.1123406058177352, 1.7485456764698029, 0.45547907042782754, 0.39376978477230296, -1.0405246801674366, -0.4689695636043325, 0.38004640369763365, 0.4449854511767626, -1.0622718057129532, 0.6291343190241605, -0.13647745829075575, -1.1863673725165427, 0.4151952213142067, 0.45024746330454946]",-0.033593541011214256,0.2730990736745298,0.1123406058177352,1.7485456764698029,0.45547907042782754,0.39376978477230296,-1.0405246801674366,-0.4689695636043325,0.38004640369763365,0.4449854511767626,-1.0622718057129532,0.6291343190241605,-0.13647745829075575,-1.1863673725165427,0.4151952213142067,0.45024746330454946,C
5anCkDvJ17aznvK5TED5uo,Hail to the King,Hail to the King,Avenged Sevenfold,2013-08-23,305906,76,21focq27ocnh36hhvz3btzlwy,2025-03-14T16:40:51Z,"metal,alternative metal,heavy metal",Warner Records,0.58,0.916,3,-4.358,0,0.0387,0.000297,0.0259,0.126,0.683,118.004,4,"['metal', 'alternative metal', 'heavy metal']","[0.6373348571360111, -0.5824860117087761, 0.721335002531608, 1.6329472462336223, 0.6438567537503938, 0.0347746746459355, -0.8546334554751714, -0.6862365636043251, 0.5769532157864887, 0.6689554030696551, -0.8783859439815084, 0.21397482262303433, -0.21195656433701515, -0.8570941220968962, 1.0757908166075747, 1.03005794249475]",0.6373348571360111,-0.5824860117087761,0.721335002531608,1.6329472462336223,0.6438567537503938,0.0347746746459355,-0.8546334554751714,-0.6862365636043251,0.5769532157864887,0.6689554030696551,-0.8783859439815084,0.21397482262303433,-0.21195656433701515,-0.8570941220968962,1.0757908166075747,1.03005794249475,J
3nlGByvetDcS1uomAoiBmy,The Number of the Beast - 2015 Remaster,The Number of the Beast (2015 Remaster),Iron Maiden,1982,290586,67,21focq27ocnh36hhvz3btzlwy,2025-03-14T16:40:51Z,"heavy metal,metal,hard rock,rock",Parlophone UK,0.409,0.89,0,-6.839,1,0.0558,0.088,0.107,0.0935,0.268,100.409,4,"['heavy metal', 'metal', 'hard rock', 'rock']","[-0.033593541011214256, 0.2730990736745298, 0.1123406058177352, 1.7485456764698029, 0.45547907042782754, 0.39376978477230296, -1.0405246801674366, -0.4689695636043325, 0.38004640369763365, 0.4449854511767626, -1.0622718057129532, 0.6291343190241605, -0.13647745829075575, -1.1863673725165427, 0.4151952213142067, 0.45024746330454946]",-0.033593541011214256,0.2730990736745298,0.1123406058177352,1.7485456764698029,0.45547907042782754,0.39376978477230296,-1.0405246801674366,-0.4689695636043325,0.38004640369763365,0.4449854511767626,-1.0622718057129532,0.6291343190241605,-0.13647745829075575,-1.1863673725165427,0.4151952213142067,0.45024746330454946,F
3HE50TVRquwXe9yv2HFoNL,Never Too Late,One-X,Three Days Grace,2006-06-25,209333,72,21focq27ocnh36hhvz3btzlwy,2025-03-14T16:40:51Z,"post-grunge,rock",Jive,0.433,0.778,2,-4.68,0,0.0371,0.00838,0.0,0.163,0.217,149.864,4,"['post-grunge', 'rock']","[0.2711135745048523, -0.41662849485874176, -0.10916368663311005, 2.0051934123039246, 1.0341697931289673, 0.3906032145023346, -1.405557930469513, -0.3983527570962906, -0.8848223090171814, -0.2513483464717865, -0.573890820145607, -0.25632501766085625, -0.12195723224431276, -1.7246256470680237, 0.33526032976806164, 0.23606088757514954]",0.2711135745048523,-0.41662849485874176,-0.10916368663311005,2.0051934123039246,1.0341697931289673,0.3906032145023346,-1.405557930469513,-0.3983527570962906,-0.8848223090171814,-0.2513483464717865,-0.573890820145607,-0.25632501766085625,-0.12195723224431276,-1.7246256470680237,0.33526032976806164,0.23606088757514954,C
4UEo1b0wWrtHMC8bVqPiH8,Nightmare,Nightmare,Avenged Sevenfold,2010-07-23,374453,71,21focq27ocnh36hhvz3btzlwy,2025-03-14T16:40:51Z,"metal,alternative metal,heavy metal",Warner Records,0.554,0.949,2,-4.928,1,0.0787,0.000318,9.98e-05,0.2,0.233,129.984,4,"['metal', 'alternative metal', 'heavy metal']","[0.6373348571360111, -0.5824860117087761, 0.721335002531608, 1.6329472462336223, 0.6438567537503938, 0.0347746746459355, -0.8546334554751714, -0.6862365636043251, 0.5769532157864887, 0.6689554030696551, -0.8783859439815084, 0.21397482262303433, -0.21195656433701515, -0.8570941220968962, 1.0757908166075747, 1.03005794249475]",0.6373348571360111,-0.5824860117087761,0.721335002531608,1.6329472462336223,0.6438567537503938,0.0347746746459355,-0.8546334554751714,-0.6862365636043251,0.5769532157864887,0.6689554030696551,-0.8783859439815084,0.21397482262303433,-0.21195656433701515,-0.8570941220968962,1.0757908166075747,1.03005794249475,J
2eEY3SOjaDoZmx6mC2QTLU,Night Terror,Parasomnia,Dream Theater,2025-02-07,595160,57,21focq27ocnh36hhvz3btzlwy,2025-03-14T16:40:51Z,"progressive metal,progressive rock,metal",InsideOutMusic,0.278,0.922,6,-7.351,0,0.0601,0.000392,0.102,0.0768,0.313,105.013,4,"['progressive metal', 'progressive rock', 'metal']","[0.16653170188268027, -0.11398358643054962, 0.6786055862903595, 1.837541937828064, 0.6871991753578186, 0.17915301521619162, 0.13801128913958868, -0.9086203475793203, 0.7132832383116087, 0.07853906850020091, -1.0297122597694397, 0.3623903691768646, -0.6678220729033152, -1.2920743028322856, 0.5845892801880836, 0.6886318922042847]",0.16653170188268027,-0.11398358643054962,0.6786055862903595,1.837541937828064,0.6871991753578186,0.17915301521619162,0.13801128913958868,-0.9086203475793203,0.7132832383116087,0.07853906850020091,-1.0297122597694397,0.3623903691768646,-0.6678220729033152,-1.2920743028322856,0.5845892801880836,0.6886318922042847,J
1Oojqoy89m7n7RrIiEBMK1,Going Under - Remastered 2023,Fallen (Deluxe Edition / Remastered 2023),Evanescence,2023-11-17,214920,42,21focq27ocnh36hhvz3btzlwy,2025-03-14T16:40:51Z,alternative metal,Craft Recordings,0.374,0.839,11,-4.312,0,0.057,0.014,2.47e-05,0.144,0.432,175.263,4,['alternative metal'],"[0.8157141208648682, -1.081383466720581, 0.8111690878868103, 1.4067875146865845, 0.6823307871818542, -0.312304824590683, -0.9436989426612854, -1.087775468826294, -0.1991903930902481, 0.9410254955291748, -0.5407623052597046, -0.6342871785163879, 0.7297994494438171, -0.8167715668678284, 1.8272979259490967, 1.6769754886627197]",0.8157141208648682,-1.081383466720581,0.8111690878868103,1.4067875146865845,0.6823307871818542,-0.312304824590683,-0.9436989426612854,-1.087775468826294,-0.1991903930902481,0.9410254955291748,-0.5407623052597046,-0.6342871785163879,0.7297994494438171,-0.8167715668678284,1.8272979259490967,1.6769754886627197,I
3F1qkJx3flPUWadfFQcOEj,One Last Breath,Greatest Hits,Creed,2004-01-01,239373,53,21focq27ocnh36hhvz3btzlwy,2025-03-14T16:40:51Z,post-grunge,The Bicycle Music Company,0.38,0.722,2,-5.766,1,0.0356,0.00884,0.00163,0.221,0.17,130.009,4,['post-grunge'],"[1.7317242622375488, -1.2074496746063232, 0.2813137173652649, 2.092632532119751, 1.2701151371002197, -0.5661609768867493, -1.4311254024505615, -0.6731194257736206, -0.7687486410140991, -1.018160343170166, -0.42548587918281555, -0.05417724698781967, -0.02996448613703251, -1.7137194871902466, 0.7108463048934937, -0.5788301825523376]",1.7317242622375488,-1.2074496746063232,0.2813137173652649,2.092632532119751,1.2701151371002197,-0.5661609768867493,-1.4311254024505615,-0.6731194257736206,-0.7687486410140991,-1.018160343170166,-0.42548587918281555,-0.05417724698781967,-0.02996448613703251,-1.7137194871902466,0.7108463048934937,-0.5788301825523376,A
1gF5miexkFs5uZj04Y5t9M,Almost Easy,Avenged Sevenfold,Avenged Sevenfold,2007-10-30,234093,37,21focq27ocnh36hhvz3btzlwy,2025-03-14T16:40:51Z,"metal,alternative metal,heavy metal",Warner Records,0.378,0.959,6,-4.615,1,0.062,3.56e-05,0.000138,0.102,0.338,174.932,4,"['metal', 'alternative metal', 'heavy metal']","[0.6373348571360111, -0.5824860117087761, 0.721335002531608, 1.6329472462336223, 0.6438567537503938, 0.0347746746459355, -0.8546334554751714, -0.6862365636043251, 0.5769532157864887, 0.6689554030696551, -0.8783859439815084, 0.21397482262303433, -0.21195656433701515, -0.8570941220968962, 1.0757908166075747, 1.03005794249475]",0.6373348571360111,-0.5824860117087761,0.721335002531608,1.6329472462336223,0.6438567537503938,0.0347746746459355,-0.8546334554751714,-0.6862365636043251,0.5769532157864887,0.6689554030696551,-0.8783859439815084,0.21397482262303433,-0.21195656433701515,-0.8570941220968962,1.0757908166075747,1.03005794249475,J
5Yg45DuQgNc1dRw11pixQi,New Divide,New Divide,Linkin Park,2009-05-26,268613,52,21focq27ocnh36hhvz3btzlwy,2025-03-14T16:40:51Z,"nu metal,rap metal,rock,alternative metal",Warner Records,0.492,0.808,5,-3.365,0,0.0362,0.000235,0.0,0.0983,0.38,117.972,4,"['nu metal', 'rap metal', 'rock', 'alternative metal']","[0.10342534631490707, -0.27066272869706154, -0.04117414355278015, 1.74568709731102, 0.7063010260462761, 0.4290051907300949, -1.5082664638757706, -0.16944288276135921, -0.07099102810025215, 0.9213438928127289, -0.5198734849691391, 0.7055672109127045, 0.12803301960229874, -1.1705101281404495, 0.5973426168784499, 1.159376472234726]",0.10342534631490707,-0.27066272869706154,-0.04117414355278015,1.74568709731102,0.7063010260462761,0.4290051907300949,-1.5082664638757706,-0.16944288276135921,-0.07099102810025215,0.9213438928127289,-0.5198734849691391,0.7055672109127045,0.12803301960229874,-1.1705101281404495,0.5973426168784499,1.159376472234726,C
5UWwZ5lm5PKu6eKsHAGxOk,Everlong,The Colour And The Shape,Foo Fighters,1997-05-20,250546,82,21focq27ocnh36hhvz3btzlwy,2025-03-14T16:40:51Z,"rock,post-grunge,alternative rock,grunge,modern rock",RCA Records Label,0.413,0.881,11,-5.541,0,0.0367,5.99e-05,0.000308,0.0805,0.364,158.066,4,"['rock', 'post-grunge', 'alternative rock', 'grunge', 'modern rock']","[0.1729000985622406, -0.2652807354927063, -0.08018317222595214, 2.018953537940979, 0.3938066363334656, 0.24615058898925782, -1.2132055679336191, -0.3482388611882925, -0.4556465566158295, 0.22116236686706542, -0.8106271505355835, 0.5607076779007911, -0.15978590436279774, -1.1996877312660217, 0.2638881228864193, 0.7254514098167419]",0.1729000985622406,-0.2652807354927063,-0.08018317222595214,2.018953537940979,0.3938066363334656,0.24615058898925782,-1.2132055679336191,-0.3482388611882925,-0.4556465566158295,0.22116236686706542,-0.8106271505355835,0.5607076779007911,-0.15978590436279774,-1.1996877312660217,0.2638881228864193,0.7254514098167419,C
6GG73Jik4jUlQCkKg9JuGO,The Middle,Bleed American,Jimmy Eat World,2001-07-17,165853,80,21focq27ocnh36hhvz3btzlwy,2025-03-14T16:40:51Z,"emo,pop punk,emo pop",Interscope,0.643,0.849,2,-5.428,1,0.0526,0.0371,0.0,0.058,0.903,162.152,4,"['emo', 'pop punk', 'emo pop']","[-0.30759097635746, -0.2588767309983571, 0.12716971834500632, 1.6490800778071086, 0.8677550951639811, 0.0512533833583196, -0.7991283039251963, -0.30209654072920483, 0.7438450753688812, 0.6311247001091639, -1.7885029713312786, 0.13013224800427756, -0.7305760681629181, -0.48214993874231976, 0.43296315769354504, 0.2011091305563847]",-0.30759097635746,-0.2588767309983571,0.12716971834500632,1.6490800778071086,0.8677550951639811,0.0512533833583196,-0.7991283039251963,-0.30209654072920483,0.7438450753688812,0.6311247001091639,-1.7885029713312786,0.13013224800427756,-0.7305760681629181,-0.48214993874231976,0.43296315769354504,0.2011091305563847,G
2Xe2YAxNPqWCNpZ8RagBdO,Gone Forever,One-X,Three Days Grace,2006-06-25,221093,61,21focq27ocnh36hhvz3btzlwy,2025-03-14T16:40:51Z,"post-grunge,rock",Jive,0.409,0.761,2,-4.514,1,0.031,0.0175,0.0,0.114,0.271,155.901,4,"['post-grunge', 'rock']","[0.2711135745048523, -0.41662849485874176, -0.10916368663311005, 2.0051934123039246, 1.0341697931289673, 0.3906032145023346, -1.405557930469513, -0.3983527570962906, -0.8848223090171814, -0.2513483464717865, -0.573890820145607, -0.25632501766085625, -0.12195723224431276, -1.7246256470680237, 0.33526032976806164, 0.23606088757514954]",0.2711135745048523,-0.41662849485874176,-0.10916368663311005,2.0051934123039246,1.0341697931289673,0.3906032145023346,-1.405557930469513,-0.3983527570962906,-0.8848223090171814,-0.2513483464717865,-0.573890820145607,-0.25632501766085625,-0.12195723224431276,-1.7246256470680237,0.33526032976806164,0.23606088757514954,A
68D2W6r8x6vcdzHCPVmw04,Bend the Clock,Parasomnia,Dream Theater,2025-02-07,444120,58,21focq27ocnh36hhvz3btzlwy,2025-03-14T16:40:51Z,"progressive metal,progressive rock,metal",InsideOutMusic,0.264,0.778,9,-8.089,0,0.0452,0.00473,0.000844,0.125,0.0912,137.868,4,"['progressive metal', 'progressive rock', 'metal']","[0.16653170188268027, -0.11398358643054962, 0.6786055862903595, 1.837541937828064, 0.6871991753578186, 0.17915301521619162, 0.13801128913958868, -0.9086203475793203, 0.7132832383116087, 0.07853906850020091, -1.0297122597694397, 0.3623903691768646, -0.6678220729033152, -1.2920743028322856, 0.5845892801880836, 0.6886318922042847]",0.16653170188268027,-0.11398358643054962,0.6786055862903595,1.837541937828064,0.6871991753578186,0.17915301521619162,0.13801128913958868,-0.9086203475793203,0.7132832383116087,0.07853906850020091,-1.0297122597694397,0.3623903691768646,-0.6678220729033152,-1.2920743028322856,0.5845892801880836,0.6886318922042847,J
25GC50HslaaruyrKjdu0lP,Your Betrayal,Fever,Bullet For My Valentine,2010-04-20,291426,68,21focq27ocnh36hhvz3btzlwy,2025-03-14T16:40:51Z,"metalcore,metal,screamo",Jive,0.569,0.883,2,-4.41,0,0.0748,8.07e-05,7.74e-05,0.0883,0.373,134.001,4,"['metalcore', 'metal', 'screamo']","[0.8740274409453074, -0.6684437294801077, 0.5115504016478857, 1.8085213502248128, 0.534620056549708, -0.1457157333691915, -0.7785665392875671, -1.0306863884131114, 0.3419269422690074, 0.38429748515288037, -0.938671886920929, -0.316827825581034, -0.009725977977116903, -1.1332128643989563, 1.1675115426381428, 0.6131400267283121]",0.8740274409453074,-0.6684437294801077,0.5115504016478857,1.8085213502248128,0.534620056549708,-0.1457157333691915,-0.7785665392875671,-1.0306863884131114,0.3419269422690074,0.38429748515288037,-0.938671886920929,-0.316827825581034,-0.009725977977116903,-1.1332128643989563,1.1675115426381428,0.6131400267283121,J
5gB2IrxOCX2j9bMnHKP38i,Life is a Highway,Cars (Original Motion Picture Soundtrack),Rascal Flatts,2006-01-01,275640,73,21focq27ocnh36hhvz3btzlwy,2025-03-14T16:40:51Z,country,Walt Disney Records,0.562,0.934,5,-5.562,1,0.0607,0.00211,0.0,0.199,0.558,103.042,4,['country'],"[-1.2700897455215454, -1.0588901042938232, -0.5533971190452576, 0.6173158884048462, 0.07746486365795135, 0.4456513822078705, 0.2603258490562439, -1.8645879030227661, -0.028996678069233894, -0.0502549409866333, -0.9502571225166321, 0.7682616710662842, -0.46864163875579834, -2.2478647232055664, -0.7457642555236816, -0.15056534111499786]",-1.2700897455215454,-1.0588901042938232,-0.5533971190452576,0.6173158884048462,0.07746486365795135,0.4456513822078705,0.2603258490562439,-1.8645879030227661,-0.028996678069233894,-0.0502549409866333,-0.9502571225166321,0.7682616710662842,-0.46864163875579834,-2.2478647232055664,-0.7457642555236816,-0.15056534111499786,D
6nRCTb5b0N5zp8WTeY6xFZ,Metropolis - Part I: The Miracle and the Sleeper,Images and Words,Dream Theater,1992-06-30,572133,52,21focq27ocnh36hhvz3btzlwy,2025-03-14T16:40:51Z,"progressive metal,progressive rock,metal",Atlantic Records,0.28,0.907,2,-9.29,1,0.0586,0.000104,0.00536,0.337,0.45,104.896,4,"['progressive metal', 'progressive rock', 'metal']","[0.16653170188268027, -0.11398358643054962, 0.6786055862903595, 1.837541937828064, 0.6871991753578186, 0.17915301521619162, 0.13801128913958868, -0.9086203475793203, 0.7132832383116087, 0.07853906850020091, -1.0297122597694397, 0.3623903691768646, -0.6678220729033152, -1.2920743028322856, 0.5845892801880836, 0.6886318922042847]",0.16653170188268027,-0.11398358643054962,0.6786055862903595,1.837541937828064,0.6871991753578186,0.17915301521619162,0.13801128913958868,-0.9086203475793203,0.7132832383116087,0.07853906850020091,-1.0297122597694397,0.3623903691768646,-0.6678220729033152,-1.2920743028322856,0.5845892801880836,0.6886318922042847,J
5EWPGh7jbTNO2wakv8LjUI,Free Bird,Pronounced' Leh-'Nerd 'Skin-'Nerd,Lynyrd Skynyrd,1973-01-01,547106,77,21focq27ocnh36hhvz3btzlwy,2025-03-14T16:40:51Z,"southern rock,classic rock,rock",Geffen*,0.249,0.834,0,-8.21,1,0.0574,0.0742,9.69e-05,0.0924,0.337,118.222,4,"['southern rock', 'classic rock', 'rock']","[-1.203906774520874, -0.04051204025745392, -0.16752253969510397, 1.5406494140625, 0.8388763070106506, 0.6346189081668854, -1.12434916694959, -0.8989297648270925, -0.7765544950962067, -0.565248449643453, -0.7826268250743548, 0.39949582020441693, -0.2213002691666285, -1.0873894492785137, 0.3967873342335224, 0.37885474413633347]",-1.203906774520874,-0.04051204025745392,-0.16752253969510397,1.5406494140625,0.8388763070106506,0.6346189081668854,-1.12434916694959,-0.8989297648270925,-0.7765544950962067,-0.565248449643453,-0.7826268250743548,0.39949582020441693,-0.2213002691666285,-1.0873894492785137,0.3967873342335224,0.37885474413633347,D
3qzlBED0rjEl4arDNWfZEp,Higher,Greatest Hits,Creed,2004-01-01,326293,47,21focq27ocnh36hhvz3btzlwy,2025-03-14T16:40:51Z,post-grunge,The Bicycle Music Company,0.454,0.817,2,-6.364,1,0.0357,5.23e-05,0.000194,0.159,0.451,155.847,4,['post-grunge'],"[1.7317242622375488, -1.2074496746063232, 0.2813137173652649, 2.092632532119751, 1.2701151371002197, -0.5661609768867493, -1.4311254024505615, -0.6731194257736206, -0.7687486410140991, -1.018160343170166, -0.42548587918281555, -0.05417724698781967, -0.02996448613703251, -1.7137194871902466, 0.7108463048934937, -0.5788301825523376]",1.7317242622375488,-1.2074496746063232,0.2813137173652649,2.092632532119751,1.2701151371002197,-0.5661609768867493,-1.4311254024505615,-0.6731194257736206,-0.7687486410140991,-1.018160343170166,-0.42548587918281555,-0.05417724698781967,-0.02996448613703251,-1.7137194871902466,0.7108463048934937,-0.5788301825523376,A
65ONOjGUh9A5mKtvu2JwQg,Away In Silence,Full Circle,Creed,2009-01-01,280720,49,21focq27ocnh36hhvz3btzlwy,2025-03-14T16:40:51Z,post-grunge,The Bicycle Music Company,0.454,0.863,4,-4.122,1,0.0351,0.025,0.0,0.0798,0.293,154.107,3,['post-grunge'],"[1.7317242622375488, -1.2074496746063232, 0.2813137173652649, 2.092632532119751, 1.2701151371002197, -0.5661609768867493, -1.4311254024505615, -0.6731194257736206, -0.7687486410140991, -1.018160343170166, -0.42548587918281555, -0.05417724698781967, -0.02996448613703251, -1.7137194871902466, 0.7108463048934937, -0.5788301825523376]",1.7317242622375488,-1.2074496746063232,0.2813137173652649,2.092632532119751,1.2701151371002197,-0.5661609768867493,-1.4311254024505615,-0.6731194257736206,-0.7687486410140991,-1.018160343170166,-0.42548587918281555,-0.05417724698781967,-0.02996448613703251,-1.7137194871902466,0.7108463048934937,-0.5788301825523376,A
5OQsiBsky2k2kDKy2bX2eT,Learn to Fly,There Is Nothing Left To Lose,Foo Fighters,1999-11-02,235293,74,21focq27ocnh36hhvz3btzlwy,2025-03-14T16:40:51Z,"rock,post-grunge,alternative rock,grunge,modern rock",RCA Records Label,0.465,0.919,4,-4.025,1,0.0408,1.83e-05,2.07e-05,0.262,0.537,135.997,4,"['rock', 'post-grunge', 'alternative rock', 'grunge', 'modern rock']","[0.1729000985622406, -0.2652807354927063, -0.08018317222595214, 2.018953537940979, 0.3938066363334656, 0.24615058898925782, -1.2132055679336191, -0.3482388611882925, -0.4556465566158295, 0.22116236686706542, -0.8106271505355835, 0.5607076779007911, -0.15978590436279774, -1.1996877312660217, 0.2638881228864193, 0.7254514098167419]",0.1729000985622406,-0.2652807354927063,-0.08018317222595214,2.018953537940979,0.3938066363334656,0.24615058898925782,-1.2132055679336191,-0.3482388611882925,-0.4556465566158295,0.22116236686706542,-0.8106271505355835,0.5607076779007911,-0.15978590436279774,-1.1996877312660217,0.2638881228864193,0.7254514098167419,C
3IVRacQwKGORqcxNEPMXlA,Basket Case,Dookie (30th Anniversary Deluxe Edition),Green Day,2023-08-17,182916,38,21focq27ocnh36hhvz3btzlwy,2025-03-14T16:40:51Z,"punk,pop punk",Reprise,0.31,0.923,3,-5.242,1,0.0771,0.00583,1.77e-06,0.087,0.747,177.029,4,"['punk', 'pop punk']","[-0.0159493088722229, -0.6294691972434521, 0.22730109095573425, 1.8097161650657654, 0.9379352629184723, 0.40457209199666977, -0.6889654695987701, -0.5198585093021393, 1.1384345591068268, 0.5464010238647461, -1.439176857471466, 0.5749710500240326, -1.6691689491271973, -0.35666438937187195, 0.4048018530011177, 0.18314996361732483]",-0.0159493088722229,-0.6294691972434521,0.22730109095573425,1.8097161650657654,0.9379352629184723,0.40457209199666977,-0.6889654695987701,-0.5198585093021393,1.1384345591068268,0.5464010238647461,-1.439176857471466,0.5749710500240326,-1.6691689491271973,-0.35666438937187195,0.4048018530011177,0.18314996361732483,G
0U87auHx1iZTEFcq9KVdmO,Boulevard of Broken Dreams,American Idiot (20th Anniversary Deluxe Edition),Green Day,2024-10-25,260936,71,21focq27ocnh36hhvz3btzlwy,2025-03-14T16:40:51Z,"punk,pop punk",Reprise,0.51,0.578,8,-8.079,1,0.0275,0.0042,1.73e-05,0.0417,0.612,166.99,4,"['punk', 'pop punk']","[-0.0159493088722229, -0.6294691972434521, 0.22730109095573425, 1.8097161650657654, 0.9379352629184723, 0.40457209199666977, -0.6889654695987701, -0.5198585093021393, 1.1384345591068268, 0.5464010238647461, -1.439176857471466, 0.5749710500240326, -1.6691689491271973, -0.35666438937187195, 0.4048018530011177, 0.18314996361732483]",-0.0159493088722229,-0.6294691972434521,0.22730109095573425,1.8097161650657654,0.9379352629184723,0.40457209199666977,-0.6889654695987701,-0.5198585093021393,1.1384345591068268,0.5464010238647461,-1.439176857471466,0.5749710500240326,-1.6691689491271973,-0.35666438937187195,0.4048018530011177,0.18314996361732483,G
6nTiIhLmQ3FWhvrGafw2zj,American Idiot,American Idiot,Green Day,2004-09-21,176346,81,21focq27ocnh36hhvz3btzlwy,2025-03-14T16:40:51Z,"punk,pop punk",Reprise,0.38,0.988,1,-2.042,1,0.0639,2.64e-05,7.86e-05,0.368,0.769,186.113,4,"['punk', 'pop punk']","[-0.0159493088722229, -0.6294691972434521, 0.22730109095573425, 1.8097161650657654, 0.9379352629184723, 0.40457209199666977, -0.6889654695987701, -0.5198585093021393, 1.1384345591068268, 0.5464010238647461, -1.439176857471466, 0.5749710500240326, -1.6691689491271973, -0.35666438937187195, 0.4048018530011177, 0.18314996361732483]",-0.0159493088722229,-0.6294691972434521,0.22730109095573425,1.8097161650657654,0.9379352629184723,0.40457209199666977,-0.6889654695987701,-0.5198585093021393,1.1384345591068268,0.5464010238647461,-1.439176857471466,0.5749710500240326,-1.6691689491271973,-0.35666438937187195,0.4048018530011177,0.18314996361732483,G
3tSmXSxaAnU1EPGKa6NytH,In the End,Hybrid Theory,Linkin Park,2000-10-24,216800,64,21focq27ocnh36hhvz3btzlwy,2025-03-14T16:40:51Z,"nu metal,rap metal,rock,alternative metal",Warner Records,0.555,0.844,3,-6.567,0,0.0554,0.00834,0.0,0.0895,0.464,105.195,4,"['nu metal', 'rap metal', 'rock', 'alternative metal']","[0.10342534631490707, -0.27066272869706154, -0.04117414355278015, 1.74568709731102, 0.7063010260462761, 0.4290051907300949, -1.5082664638757706, -0.16944288276135921, -0.07099102810025215, 0.9213438928127289, -0.5198734849691391, 0.7055672109127045, 0.12803301960229874, -1.1705101281404495, 0.5973426168784499, 1.159376472234726]",0.10342534631490707,-0.27066272869706154,-0.04117414355278015,1.74568709731102,0.7063010260462761,0.4290051907300949,-1.5082664638757706,-0.16944288276135921,-0.07099102810025215,0.9213438928127289,-0.5198734849691391,0.7055672109127045,0.12803301960229874,-1.1705101281404495,0.5973426168784499,1.159376472234726,C
1W1Fchq0voTFhKGWmn57uW,The Trooper,Piece of Mind,Iron Maiden,1983,250946,5,21focq27ocnh36hhvz3btzlwy,2025-03-14T16:40:51Z,"heavy metal,metal,hard rock,rock",Sanctuary,0.285,0.866,4,-6.762,0,0.0674,0.0175,0.0575,0.541,0.62,162.307,4,"['heavy metal', 'metal', 'hard rock', 'rock']","[-0.033593541011214256, 0.2730990736745298, 0.1123406058177352, 1.7485456764698029, 0.45547907042782754, 0.39376978477230296, -1.0405246801674366, -0.4689695636043325, 0.38004640369763365, 0.4449854511767626, -1.0622718057129532, 0.6291343190241605, -0.13647745829075575, -1.1863673725165427, 0.4151952213142067, 0.45024746330454946]",-0.033593541011214256,0.2730990736745298,0.1123406058177352,1.7485456764698029,0.45547907042782754,0.39376978477230296,-1.0405246801674366,-0.4689695636043325,0.38004640369763365,0.4449854511767626,-1.0622718057129532,0.6291343190241605,-0.13647745829075575,-1.1863673725165427,0.4151952213142067,0.45024746330454946,B
469rBLYJUZHMJLtq2Wch3h,Hallowed Be Thy Name - 2015 Remaster,The Number of the Beast (2015 Remaster),Iron Maiden,1982,431093,65,21focq27ocnh36hhvz3btzlwy,2025-03-14T16:40:51Z,"heavy metal,metal,hard rock,rock",Parlophone UK,0.313,0.882,0,-6.215,1,0.0355,0.0346,0.338,0.45,0.3,103.981,4,"['heavy metal', 'metal', 'hard rock', 'rock']","[-0.033593541011214256, 0.2730990736745298, 0.1123406058177352, 1.7485456764698029, 0.45547907042782754, 0.39376978477230296, -1.0405246801674366, -0.4689695636043325, 0.38004640369763365, 0.4449854511767626, -1.0622718057129532, 0.6291343190241605, -0.13647745829075575, -1.1863673725165427, 0.4151952213142067, 0.45024746330454946]",-0.033593541011214256,0.2730990736745298,0.1123406058177352,1.7485456764698029,0.45547907042782754,0.39376978477230296,-1.0405246801674366,-0.4689695636043325,0.38004640369763365,0.4449854511767626,-1.0622718057129532,0.6291343190241605,-0.13647745829075575,-1.1863673725165427,0.4151952213142067,0.45024746330454946,F
5wQnmLuC1W7ATsArWACrgW,Welcome to the Black Parade,The Black Parade,My Chemical Romance,2006-10-20,311106,77,21focq27ocnh36hhvz3btzlwy,2025-03-14T16:40:51Z,"emo,pop punk,emo pop",Reprise,0.217,0.905,2,-4.103,1,0.0752,0.000289,0.00011,0.222,0.236,96.95,4,"['emo', 'pop punk', 'emo pop']","[-0.30759097635746, -0.2588767309983571, 0.12716971834500632, 1.6490800778071086, 0.8677550951639811, 0.0512533833583196, -0.7991283039251963, -0.30209654072920483, 0.7438450753688812, 0.6311247001091639, -1.7885029713312786, 0.13013224800427756, -0.7305760681629181, -0.48214993874231976, 0.43296315769354504, 0.2011091305563847]",-0.30759097635746,-0.2588767309983571,0.12716971834500632,1.6490800778071086,0.8677550951639811,0.0512533833583196,-0.7991283039251963,-0.30209654072920483,0.7438450753688812,0.6311247001091639,-1.7885029713312786,0.13013224800427756,-0.7305760681629181,-0.48214993874231976,0.43296315769354504,0.2011091305563847,G
4dVbhS6OiYvFikshyaQaCN,My Hero,The Colour And The Shape,Foo Fighters,1997-05-20,260026,74,21focq27ocnh36hhvz3btzlwy,2025-03-14T16:40:51Z,"rock,post-grunge,alternative rock,grunge,modern rock",RCA Records Label,0.398,0.927,9,-4.212,1,0.0567,6.2e-05,0.000177,0.0575,0.311,77.106,4,"['rock', 'post-grunge', 'alternative rock', 'grunge', 'modern rock']","[0.1729000985622406, -0.2652807354927063, -0.08018317222595214, 2.018953537940979, 0.3938066363334656, 0.24615058898925782, -1.2132055679336191, -0.3482388611882925, -0.4556465566158295, 0.22116236686706542, -0.8106271505355835, 0.5607076779007911, -0.15978590436279774, -1.1996877312660217, 0.2638881228864193, 0.7254514098167419]",0.1729000985622406,-0.2652807354927063,-0.08018317222595214,2.018953537940979,0.3938066363334656,0.24615058898925782,-1.2132055679336191,-0.3482388611882925,-0.4556465566158295,0.22116236686706542,-0.8106271505355835,0.5607076779007911,-0.15978590436279774,-1.1996877312660217,0.2638881228864193,0.7254514098167419,C
3VqHuw0wFlIHcIPWkhIbdQ,Enter Sandman (Remastered),Metallica (Remastered),Metallica,1991-08-12,331560,75,21focq27ocnh36hhvz3btzlwy,2025-03-14T16:40:51Z,"metal,thrash metal,rock,heavy metal,hard rock",Blackened Recordings,0.566,0.834,6,-8.412,0,0.0298,0.00277,0.008,0.0625,0.621,123.296,4,"['metal', 'thrash metal', 'rock', 'heavy metal', 'hard rock']","[-0.16251314133405687, 0.45519343130290507, 0.08433156125247479, 1.7370473861694335, 0.39441415360197424, 0.13958132187835873, -1.1267805248498917, -0.46812650160863994, 0.30043599286000244, 0.5083354249596596, -1.1572006242349744, 0.8958695823326707, -0.05959950312972069, -1.1823402244597674, 0.54682886172086, 0.26576626040041446]",-0.16251314133405687,0.45519343130290507,0.08433156125247479,1.7370473861694335,0.39441415360197424,0.13958132187835873,-1.1267805248498917,-0.46812650160863994,0.30043599286000244,0.5083354249596596,-1.1572006242349744,0.8958695823326707,-0.05959950312972069,-1.1823402244597674,0.54682886172086,0.26576626040041446,F
0LAcM6I7ijW4VVW0aytl1t,One (Remastered),...And Justice for All (Remastered Deluxe Box Set),Metallica,1988-09-07,446145,70,21focq27ocnh36hhvz3btzlwy,2025-03-14T16:40:51Z,"metal,thrash metal,rock,heavy metal,hard rock",Blackened Recordings,0.438,0.687,7,-9.15,1,0.0619,0.000668,0.0801,0.42,0.426,103.01,3,"['metal', 'thrash metal', 'rock', 'heavy metal', 'hard rock']","[-0.16251314133405687, 0.45519343130290507, 0.08433156125247479, 1.7370473861694335, 0.39441415360197424, 0.13958132187835873, -1.1267805248498917, -0.46812650160863994, 0.30043599286000244, 0.5083354249596596, -1.1572006242349744, 0.8958695823326707, -0.05959950312972069, -1.1823402244597674, 0.54682886172086, 0.26576626040041446]",-0.16251314133405687,0.45519343130290507,0.08433156125247479,1.7370473861694335,0.39441415360197424,0.13958132187835873,-1.1267805248498917,-0.46812650160863994,0.30043599286000244,0.5083354249596596,-1.1572006242349744,0.8958695823326707,-0.05959950312972069,-1.1823402244597674,0.54682886172086,0.26576626040041446,F
51YZAJhOwIC5Gg3jMbAmhZ,For Whom The Bell Tolls (Remastered),Ride The Lightning (Deluxe Remaster),Metallica,1984-07-27,309973,70,21focq27ocnh36hhvz3btzlwy,2025-03-14T16:40:51Z,"metal,thrash metal,rock,heavy metal,hard rock",Blackened Recordings,0.512,0.86,0,-6.145,1,0.0703,0.00631,0.00528,0.0652,0.258,117.909,4,"['metal', 'thrash metal', 'rock', 'heavy metal', 'hard rock']","[-0.16251314133405687, 0.45519343130290507, 0.08433156125247479, 1.7370473861694335, 0.39441415360197424, 0.13958132187835873, -1.1267805248498917, -0.46812650160863994, 0.30043599286000244, 0.5083354249596596, -1.1572006242349744, 0.8958695823326707, -0.05959950312972069, -1.1823402244597674, 0.54682886172086, 0.26576626040041446]",-0.16251314133405687,0.45519343130290507,0.08433156125247479,1.7370473861694335,0.39441415360197424,0.13958132187835873,-1.1267805248498917,-0.46812650160863994,0.30043599286000244,0.5083354249596596,-1.1572006242349744,0.8958695823326707,-0.05959950312972069,-1.1823402244597674,0.54682886172086,0.26576626040041446,C
54bm2e3tk8cliUz3VSdCPZ,Master of Puppets (Remastered),Master of Puppets (Remastered Deluxe Box Set),Metallica,1986-03-03,515386,71,21focq27ocnh36hhvz3btzlwy,2025-03-14T16:40:51Z,"metal,thrash metal,rock,heavy metal,hard rock",Blackened Recordings,0.539,0.828,4,-9.108,0,0.035,0.00067,0.421,0.154,0.562,105.25,4,"['metal', 'thrash metal', 'rock', 'heavy metal', 'hard rock']","[-0.16251314133405687, 0.45519343130290507, 0.08433156125247479, 1.7370473861694335, 0.39441415360197424, 0.13958132187835873, -1.1267805248498917, -0.46812650160863994, 0.30043599286000244, 0.5083354249596596, -1.1572006242349744, 0.8958695823326707, -0.05959950312972069, -1.1823402244597674, 0.54682886172086, 0.26576626040041446]",-0.16251314133405687,0.45519343130290507,0.08433156125247479,1.7370473861694335,0.39441415360197424,0.13958132187835873,-1.1267805248498917,-0.46812650160863994,0.30043599286000244,0.5083354249596596,-1.1572006242349744,0.8958695823326707,-0.05959950312972069,-1.1823402244597674,0.54682886172086,0.26576626040041446,F
7iOSeHfKU2EhSKcX7TbjKG,Blind And Frozen,Berserker,Beast In Black,2017-11-03,304596,60,21focq27ocnh36hhvz3btzlwy,2025-03-14T16:40:51Z,"power metal,melodic metal,metal,symphonic metal",Nuclear Blast,0.491,0.95,2,-6.719,1,0.059,3.24e-05,1.75e-05,0.0698,0.497,146.007,4,"['power metal', 'melodic metal', 'metal', 'symphonic metal']","[0.038867462426424026, -0.2581258788704872, 0.13467758148908615, 1.6488651186227798, 0.9191049039363861, 0.13475145772099495, -1.1878848522901535, -0.5205487981438637, 0.6343335695564747, 0.9604462645947933, -0.9120182357728481, 0.995323745533824, -1.1776665076613426, -0.6068238914012909, 0.606990173459053, 0.604980081319809]",0.038867462426424026,-0.2581258788704872,0.13467758148908615,1.6488651186227798,0.9191049039363861,0.13475145772099495,-1.1878848522901535,-0.5205487981438637,0.6343335695564747,0.9604462645947933,-0.9120182357728481,0.995323745533824,-1.1776665076613426,-0.6068238914012909,0.606990173459053,0.604980081319809,G
50qma2LfxTfAILyNlZEnpP,Sweet Child O' Mine,Appetite For Destruction (Super Deluxe Edition),Guns N' Roses,1987-07-21,356066,47,21focq27ocnh36hhvz3btzlwy,2025-03-14T16:40:51Z,"rock,glam metal,hard rock,classic rock",Guns N Roses P&D,0.445,0.952,6,-5.321,1,0.0522,0.09,0.0843,0.112,0.624,125.304,4,"['rock', 'glam metal', 'hard rock', 'classic rock']","[-0.5731639573350549, 0.45833588391542435, -0.12938730418682098, 1.3550221025943756, 0.6529375985264778, 0.6191472299396992, -1.0202094987034798, -0.8713696524500847, 0.051375873386859894, 0.15929851308465004, -1.1396508812904358, 0.6574329882860184, -0.06012203171849251, -1.0643655806779861, -0.02587862405925989, 0.06938809377606958]",-0.5731639573350549,0.45833588391542435,-0.12938730418682098,1.3550221025943756,0.6529375985264778,0.6191472299396992,-1.0202094987034798,-0.8713696524500847,0.051375873386859894,0.15929851308465004,-1.1396508812904358,0.6574329882860184,-0.06012203171849251,-1.0643655806779861,-0.02587862405925989,0.06938809377606958,D
3ApODkZRvVrvj2v2UbbMUL,Welcome To The Jungle,Appetite For Destruction (Super Deluxe Edition),Guns N' Roses,1987-07-21,273480,42,21focq27ocnh36hhvz3btzlwy,2025-03-14T16:40:51Z,"rock,glam metal,hard rock,classic rock",Guns N Roses P&D,0.454,0.987,8,-4.485,1,0.0881,0.0195,0.279,0.268,0.316,123.61,4,"['rock', 'glam metal', 'hard rock', 'classic rock']","[-0.5731639573350549, 0.45833588391542435, -0.12938730418682098, 1.3550221025943756, 0.6529375985264778, 0.6191472299396992, -1.0202094987034798, -0.8713696524500847, 0.051375873386859894, 0.15929851308465004, -1.1396508812904358, 0.6574329882860184, -0.06012203171849251, -1.0643655806779861, -0.02587862405925989, 0.06938809377606958]",-0.5731639573350549,0.45833588391542435,-0.12938730418682098,1.3550221025943756,0.6529375985264778,0.6191472299396992,-1.0202094987034798,-0.8713696524500847,0.051375873386859894,0.15929851308465004,-1.1396508812904358,0.6574329882860184,-0.06012203171849251,-1.0643655806779861,-0.02587862405925989,0.06938809377606958,D
7aksrY4ST4kt90L0ZxqZvB,Paradise City,Appetite For Destruction (Super Deluxe Edition),Guns N' Roses,1987-07-21,405600,41,21focq27ocnh36hhvz3btzlwy,2025-03-14T16:40:51Z,"rock,glam metal,hard rock,classic rock",Guns N Roses P&D,0.268,0.98,11,-5.959,1,0.101,0.019,0.00692,0.182,0.39,100.316,4,"['rock', 'glam metal', 'hard rock', 'classic rock']","[-0.5731639573350549, 0.45833588391542435, -0.12938730418682098, 1.3550221025943756, 0.6529375985264778, 0.6191472299396992, -1.0202094987034798, -0.8713696524500847, 0.051375873386859894, 0.15929851308465004, -1.1396508812904358, 0.6574329882860184, -0.06012203171849251, -1.0643655806779861, -0.02587862405925989, 0.06938809377606958]",-0.5731639573350549,0.45833588391542435,-0.12938730418682098,1.3550221025943756,0.6529375985264778,0.6191472299396992,-1.0202094987034798,-0.8713696524500847,0.051375873386859894,0.15929851308465004,-1.1396508812904358,0.6574329882860184,-0.06012203171849251,-1.0643655806779861,-0.02587862405925989,0.06938809377606958,D
3YRCqOhFifThpSRFJ1VWFM,November Rain,Use Your Illusion I,Guns N' Roses,1991-09-17,536066,80,21focq27ocnh36hhvz3btzlwy,2025-03-14T16:40:51Z,"rock,glam metal,hard rock,classic rock",Guns N Roses P&D,0.294,0.64,11,-9.316,1,0.0291,0.016,0.22,0.112,0.226,79.79,4,"['rock', 'glam metal', 'hard rock', 'classic rock']","[-0.5731639573350549, 0.45833588391542435, -0.12938730418682098, 1.3550221025943756, 0.6529375985264778, 0.6191472299396992, -1.0202094987034798, -0.8713696524500847, 0.051375873386859894, 0.15929851308465004, -1.1396508812904358, 0.6574329882860184, -0.06012203171849251, -1.0643655806779861, -0.02587862405925989, 0.06938809377606958]",-0.5731639573350549,0.45833588391542435,-0.12938730418682098,1.3550221025943756,0.6529375985264778,0.6191472299396992,-1.0202094987034798,-0.8713696524500847,0.051375873386859894,0.15929851308465004,-1.1396508812904358,0.6574329882860184,-0.06012203171849251,-1.0643655806779861,-0.02587862405925989,0.06938809377606958,F
2MLHyLy5z5l5YRp7momlgw,Island In The Sun,Weezer,Weezer,2001-05-15,200306,79,21focq27ocnh36hhvz3btzlwy,2025-03-14T16:40:51Z,alternative rock,Geffen,0.654,0.81,4,-6.26,0,0.0288,0.00719,0.00251,0.165,0.661,114.622,4,['alternative rock'],"[-0.6097552180290222, -0.41225114464759827, 0.25198909640312195, 1.5602171421051025, -0.916124701499939, 0.8584166169166565, -1.2086220979690552, -0.009363142773509026, -0.24360942840576172, 0.6656711101531982, -1.8337148427963257, 1.2093380689620972, -0.8491429686546326, -0.4332364797592163, 1.2446786165237427, 1.3340814113616943]",-0.6097552180290222,-0.41225114464759827,0.25198909640312195,1.5602171421051025,-0.916124701499939,0.8584166169166565,-1.2086220979690552,-0.009363142773509026,-0.24360942840576172,0.6656711101531982,-1.8337148427963257,1.2093380689620972,-0.8491429686546326,-0.4332364797592163,1.2446786165237427,1.3340814113616943,E
3mwvKOyMmG77zZRunnxp9E,Buddy Holly,Weezer,Weezer,1994-05-10,159226,75,21focq27ocnh36hhvz3btzlwy,2025-03-14T16:40:51Z,alternative rock,DGC,0.556,0.92,8,-4.606,1,0.0367,0.00271,0.00021,0.117,0.771,121.138,4,['alternative rock'],"[-0.6097552180290222, -0.41225114464759827, 0.25198909640312195, 1.5602171421051025, -0.916124701499939, 0.8584166169166565, -1.2086220979690552, -0.009363142773509026, -0.24360942840576172, 0.6656711101531982, -1.8337148427963257, 1.2093380689620972, -0.8491429686546326, -0.4332364797592163, 1.2446786165237427, 1.3340814113616943]",-0.6097552180290222,-0.41225114464759827,0.25198909640312195,1.5602171421051025,-0.916124701499939,0.8584166169166565,-1.2086220979690552,-0.009363142773509026,-0.24360942840576172,0.6656711101531982,-1.8337148427963257,1.2093380689620972,-0.8491429686546326,-0.4332364797592163,1.2446786165237427,1.3340814113616943,E
4nzyOwogJuWn1s6QuGFZ6w,My Name Is Jonas,Weezer,Weezer,1994-05-10,204293,59,21focq27ocnh36hhvz3btzlwy,2025-03-14T16:40:51Z,alternative rock,DGC,0.295,0.94,11,-5.247,1,0.0449,0.00021,0.00106,0.276,0.58,186.186,3,['alternative rock'],"[-0.6097552180290222, -0.41225114464759827, 0.25198909640312195, 1.5602171421051025, -0.916124701499939, 0.8584166169166565, -1.2086220979690552, -0.009363142773509026, -0.24360942840576172, 0.6656711101531982, -1.8337148427963257, 1.2093380689620972, -0.8491429686546326, -0.4332364797592163, 1.2446786165237427, 1.3340814113616943]",-0.6097552180290222,-0.41225114464759827,0.25198909640312195,1.5602171421051025,-0.916124701499939,0.8584166169166565,-1.2086220979690552,-0.009363142773509026,-0.24360942840576172,0.6656711101531982,-1.8337148427963257,1.2093380689620972,-0.8491429686546326,-0.4332364797592163,1.2446786165237427,1.3340814113616943,E
1D7UBHqaPWDbBHs2S5YXge,Perfect Situation,Make Believe,Weezer,2005-05-10,254333,54,21focq27ocnh36hhvz3btzlwy,2025-03-14T16:40:51Z,alternative rock,Geffen,0.47,0.806,6,-4.1,1,0.0328,0.0271,0.000142,0.2,0.403,93.853,4,['alternative rock'],"[-0.6097552180290222, -0.41225114464759827, 0.25198909640312195, 1.5602171421051025, -0.916124701499939, 0.8584166169166565, -1.2086220979690552, -0.009363142773509026, -0.24360942840576172, 0.6656711101531982, -1.8337148427963257, 1.2093380689620972, -0.8491429686546326, -0.4332364797592163, 1.2446786165237427, 1.3340814113616943]",-0.6097552180290222,-0.41225114464759827,0.25198909640312195,1.5602171421051025,-0.916124701499939,0.8584166169166565,-1.2086220979690552,-0.009363142773509026,-0.24360942840576172,0.6656711101531982,-1.8337148427963257,1.2093380689620972,-0.8491429686546326,-0.4332364797592163,1.2446786165237427,1.3340814113616943,E
3qDhpYyyKBqIKQ2IGXSa2P,(Don't Fear) The Reaper,Don't Fear The Reaper: The Best Of Blue Öyster Cult,Blue Öyster Cult,2000-02-08,308120,32,21focq27ocnh36hhvz3btzlwy,2025-03-14T16:40:51Z,"classic rock,hard rock",Columbia/Legacy,0.332,0.926,9,-8.732,0,0.0722,0.00284,0.000254,0.215,0.395,141.423,4,"['classic rock', 'hard rock']","[-0.9469592589884996, 0.4077480435371399, -0.5982957631349564, 1.348162591457367, 0.418828621506691, -0.18333330005407333, -0.7457657605409622, -1.0738143026828766, 0.06837727129459381, -0.24048345535993576, -1.564604938030243, 1.1602337956428528, 0.6062852665781975, -0.6764390170574188, 0.6031116545200348, -0.3857232891023159]",-0.9469592589884996,0.4077480435371399,-0.5982957631349564,1.348162591457367,0.418828621506691,-0.18333330005407333,-0.7457657605409622,-1.0738143026828766,0.06837727129459381,-0.24048345535993576,-1.564604938030243,1.1602337956428528,0.6062852665781975,-0.6764390170574188,0.6031116545200348,-0.3857232891023159,D
30HCB1FoE77IfGRyNv4eFq,In Bloom,Nevermind (Remastered),Nirvana,1991-09-26,255080,69,21focq27ocnh36hhvz3btzlwy,2025-03-14T16:40:51Z,"grunge,rock",Geffen,0.436,0.876,10,-4.902,0,0.0647,3.33e-05,0.000104,0.205,0.512,157.044,4,"['grunge', 'rock']","[-0.1712401807308197, 0.5077174156904221, -0.4085977375507355, 2.214210569858551, 0.642390251159668, 0.21790489554405212, -0.6947120823897421, -0.8512809425592422, -0.8415240347385406, 0.13105660676956177, -0.5962884277105331, -0.1640264242887497, -0.1795402467250824, -1.4819660782814026, -0.2395582962781191, 0.9966055750846863]",-0.1712401807308197,0.5077174156904221,-0.4085977375507355,2.214210569858551,0.642390251159668,0.21790489554405212,-0.6947120823897421,-0.8512809425592422,-0.8415240347385406,0.13105660676956177,-0.5962884277105331,-0.1640264242887497,-0.1795402467250824,-1.4819660782814026,-0.2395582962781191,0.9966055750846863,C
5kUdKwPCyamXAKGgF1WnCk,Crazy Train,Memoirs of a Madman,Ozzy Osbourne,2014,291000,37,21focq27ocnh36hhvz3btzlwy,2025-03-14T16:40:51Z,"metal,glam metal,heavy metal,hard rock",Epic/Legacy,0.45,0.915,9,-3.338,1,0.104,0.361,0.001,0.263,0.507,137.645,4,"['metal', 'glam metal', 'heavy metal', 'hard rock']","[0.4614706877619028, 0.34046459337696433, 0.5319217285141349, 1.470609337091446, 0.49989013362210244, 0.43089996179332957, -0.9978560693562031, -0.7416390205034986, 0.8976816299473285, 0.466793866828084, -1.0584723374340683, 0.9356868036556989, -0.3927671341225505, -1.044747541192919, 0.10792359267361462, 0.18702122278045863]",0.4614706877619028,0.34046459337696433,0.5319217285141349,1.470609337091446,0.49989013362210244,0.43089996179332957,-0.9978560693562031,-0.7416390205034986,0.8976816299473285,0.466793866828084,-1.0584723374340683,0.9356868036556989,-0.3927671341225505,-1.044747541192919,0.10792359267361462,0.18702122278045863,B
1Y373MqadDRtclJNdnUXVc,Paranoid - 2012 - Remaster,Paranoid (Remaster),Black Sabbath,1970-09-18,168405,72,21focq27ocnh36hhvz3btzlwy,2025-03-14T16:40:51Z,"metal,heavy metal,rock,stoner rock,hard rock,doom metal,classic rock",Rhino/Warner Records,0.412,0.658,4,-12.051,0,0.0708,4.52e-05,0.000774,0.176,0.454,163.071,4,"['metal', 'heavy metal', 'rock', 'stoner rock', 'hard rock', 'doom metal', 'classic rock']","[-0.39595615970236914, -0.1570937710681132, -0.22751740738749504, 1.8755434581211634, 0.4419177088753453, 0.42439863880697104, -0.8652543404272625, -0.7099753887658673, 0.4175532197904041, 0.356912154172148, -0.9501881962642074, 0.45094348663198097, 0.10251421215278762, -0.8314179237931967, 0.4835313187379922, 0.5248241331428289]",-0.39595615970236914,-0.1570937710681132,-0.22751740738749504,1.8755434581211634,0.4419177088753453,0.42439863880697104,-0.8652543404272625,-0.7099753887658673,0.4175532197904041,0.356912154172148,-0.9501881962642074,0.45094348663198097,0.10251421215278762,-0.8314179237931967,0.4835313187379922,0.5248241331428289,F
3pYKJaLiixRcDFfcNhxZKK,The Metal,The Pick Of Destiny,Tenacious D,2006-11-02,165960,57,21focq27ocnh36hhvz3btzlwy,2025-03-14T16:40:51Z,comedy,Epic,0.623,0.938,0,-4.161,1,0.123,0.00296,0.000852,0.48,0.308,112.022,4,['comedy'],"[-1.2464314699172974, -0.7613813281059265, 0.43056944012641907, -0.131372332572937, 1.4580291509628296, 1.9864250421524048, 0.3517286777496338, -2.1718881130218506, -0.18906861543655396, 1.3946210145950317, -2.0435707569122314, -0.25188615918159485, -0.36410945653915405, -0.4355159103870392, -0.7198203802108765, 0.35567566752433777]",-1.2464314699172974,-0.7613813281059265,0.43056944012641907,-0.131372332572937,1.4580291509628296,1.9864250421524048,0.3517286777496338,-2.1718881130218506,-0.18906861543655396,1.3946210145950317,-2.0435707569122314,-0.25188615918159485,-0.36410945653915405,-0.4355159103870392,-0.7198203802108765,0.35567566752433777,H
40rvBMQizxkIqnjPdEWY1v,Down with the Sickness,The Sickness,Disturbed,2000-03-07,279213,77,21focq27ocnh36hhvz3btzlwy,2025-03-14T16:40:51Z,"metal,nu metal,alternative metal,rap metal,hard rock,rock,heavy metal",Giant/Reprise,0.695,0.876,3,-4.262,0,0.0553,0.000996,6.89e-06,0.106,0.941,89.954,4,"['metal', 'nu metal', 'alternative metal', 'rap metal', 'hard rock', 'rock', 'heavy metal']","[0.2098320477775165, -0.05206390071128096, 0.1120438485273293, 1.722739543233599, 0.5498422766769571, 0.27767607087402474, -1.2593105882406235, -0.3471519567205438, 0.3195882113442557, 0.7071219608187675, -0.8008979145171387, 0.828182701154479, 0.025738889085394994, -1.0988540279545955, 0.5843538568754282, 0.7696491120649236]",0.2098320477775165,-0.05206390071128096,0.1120438485273293,1.722739543233599,0.5498422766769571,0.27767607087402474,-1.2593105882406235,-0.3471519567205438,0.3195882113442557,0.7071219608187675,-0.8008979145171387,0.828182701154479,0.025738889085394994,-1.0988540279545955,0.5843538568754282,0.7696491120649236,C
6RJdYpFQwLyNfDc5FbjkgV,Stricken,Ten Thousand Fists,Disturbed,2005-09-19,245226,75,21focq27ocnh36hhvz3btzlwy,2025-03-14T16:40:51Z,"metal,nu metal,alternative metal,rap metal,hard rock,rock,heavy metal",Reprise,0.402,0.969,8,-2.825,1,0.181,9.14e-05,0.0325,0.225,0.262,173.847,4,"['metal', 'nu metal', 'alternative metal', 'rap metal', 'hard rock', 'rock', 'heavy metal']","[0.2098320477775165, -0.05206390071128096, 0.1120438485273293, 1.722739543233599, 0.5498422766769571, 0.27767607087402474, -1.2593105882406235, -0.3471519567205438, 0.3195882113442557, 0.7071219608187675, -0.8008979145171387, 0.828182701154479, 0.025738889085394994, -1.0988540279545955, 0.5843538568754282, 0.7696491120649236]",0.2098320477775165,-0.05206390071128096,0.1120438485273293,1.722739543233599,0.5498422766769571,0.27767607087402474,-1.2593105882406235,-0.3471519567205438,0.3195882113442557,0.7071219608187675,-0.8008979145171387,0.828182701154479,0.025738889085394994,-1.0988540279545955,0.5843538568754282,0.7696491120649236,B
5ehcf6UL1TkwozB386cRAp,Don't Stop Believin' (2024 Remaster),Greatest Hits (2024 Remaster),Journey,1988-11-29,250835,61,21focq27ocnh36hhvz3btzlwy,2025-03-14T16:40:51Z,"album rock,classic rock",Columbia/Legacy,0.503,0.777,4,-7.015,1,0.0359,0.132,0.0,0.32,0.461,119.185,4,"['album rock', 'classic rock']","[-0.4242185354232788, -0.8066976070404053, -0.4746498242020607, 1.7144449353218079, 0.9355400204658508, 0.1280958652496338, -0.8478064686059952, -0.9560877084732056, 0.08463291823863983, -0.5337388515472412, -0.6530422419309616, 0.5992369949817657, 0.13168518245220184, -0.5370531976222992, -0.07650411128997803, 0.15382950380444527]",-0.4242185354232788,-0.8066976070404053,-0.4746498242020607,1.7144449353218079,0.9355400204658508,0.1280958652496338,-0.8478064686059952,-0.9560877084732056,0.08463291823863983,-0.5337388515472412,-0.6530422419309616,0.5992369949817657,0.13168518245220184,-0.5370531976222992,-0.07650411128997803,0.15382950380444527,D
71SvEDmsOwIWw1IozsZoMA,Any Way You Want It,Departure,Journey,1980,201693,73,21focq27ocnh36hhvz3btzlwy,2025-03-14T16:40:51Z,"album rock,classic rock",Columbia/Legacy,0.529,0.932,7,-7.501,1,0.0488,0.00251,0.00109,0.136,0.571,138.158,4,"['album rock', 'classic rock']","[-0.4242185354232788, -0.8066976070404053, -0.4746498242020607, 1.7144449353218079, 0.9355400204658508, 0.1280958652496338, -0.8478064686059952, -0.9560877084732056, 0.08463291823863983, -0.5337388515472412, -0.6530422419309616, 0.5992369949817657, 0.13168518245220184, -0.5370531976222992, -0.07650411128997803, 0.15382950380444527]",-0.4242185354232788,-0.8066976070404053,-0.4746498242020607,1.7144449353218079,0.9355400204658508,0.1280958652496338,-0.8478064686059952,-0.9560877084732056,0.08463291823863983,-0.5337388515472412,-0.6530422419309616,0.5992369949817657,0.13168518245220184,-0.5370531976222992,-0.07650411128997803,0.15382950380444527,D
59XnaH9k3ZYBUpBHM6PAfE,Separate Ways (Worlds Apart) [2024 Remaster],Greatest Hits (2024 Remaster),Journey,1988-11-29,326230,56,21focq27ocnh36hhvz3btzlwy,2025-03-14T16:40:51Z,"album rock,classic rock",Columbia/Legacy,0.466,0.957,4,-4.794,0,0.0601,0.13,0.0,0.14,0.358,131.678,4,"['album rock', 'classic rock']","[-0.4242185354232788, -0.8066976070404053, -0.4746498242020607, 1.7144449353218079, 0.9355400204658508, 0.1280958652496338, -0.8478064686059952, -0.9560877084732056, 0.08463291823863983, -0.5337388515472412, -0.6530422419309616, 0.5992369949817657, 0.13168518245220184, -0.5370531976222992, -0.07650411128997803, 0.15382950380444527]",-0.4242185354232788,-0.8066976070404053,-0.4746498242020607,1.7144449353218079,0.9355400204658508,0.1280958652496338,-0.8478064686059952,-0.9560877084732056,0.08463291823863983,-0.5337388515472412,-0.6530422419309616,0.5992369949817657,0.13168518245220184,-0.5370531976222992,-0.07650411128997803,0.15382950380444527,D
1lhmgubpHo0AGAX7BCiO2a,Carry on Wayward Son,The Best Of Kansas,Kansas,1984,321426,42,21focq27ocnh36hhvz3btzlwy,2025-03-14T16:40:51Z,"classic rock,progressive rock,album rock",Epic/Associated/Legacy,0.493,0.702,7,-8.625,1,0.0343,0.00201,0.000558,0.467,0.78,127.195,4,"['classic rock', 'progressive rock', 'album rock']","[-0.5043309330940247, -0.4568784882624944, -0.46338919301827747, 1.8777873118718464, 0.8849043250083923, 0.47763343652089435, -0.2719463010629018, -1.0386467377344768, 0.17783823609352112, -0.5251599550247192, -0.8055206835269928, 0.6949453155199686, 0.06155212720235189, -0.6374106605847677, -0.023391567170619965, 0.5688783650596937]",-0.5043309330940247,-0.4568784882624944,-0.46338919301827747,1.8777873118718464,0.8849043250083923,0.47763343652089435,-0.2719463010629018,-1.0386467377344768,0.17783823609352112,-0.5251599550247192,-0.8055206835269928,0.6949453155199686,0.06155212720235189,-0.6374106605847677,-0.023391567170619965,0.5688783650596937,D
2DlHlPMa4M17kufBvI2lEN,Chop Suey!,Toxicity,System Of A Down,2001-09-04,210240,83,21focq27ocnh36hhvz3btzlwy,2025-03-14T16:40:51Z,"nu metal,metal,alternative metal,rap metal,rock",American/Columbia,0.417,0.934,7,-3.908,0,0.119,0.000278,0.0015,0.132,0.287,127.066,4,"['nu metal', 'metal', 'alternative metal', 'rap metal', 'rock']","[0.20873581767082214, -0.30808285176753997, 0.24037232398986816, 1.7438850402832031, 0.5952945649623871, 0.41007757782936094, -1.3245674610137939, -0.22592252343893052, 0.29199138581752776, 0.7017387360334396, -0.7015435338020325, 0.6729970335960388, -0.1490708291530609, -1.072459077835083, 0.6671609692275524, 1.1474616765975951]",0.20873581767082214,-0.30808285176753997,0.24037232398986816,1.7438850402832031,0.5952945649623871,0.41007757782936094,-1.3245674610137939,-0.22592252343893052,0.29199138581752776,0.7017387360334396,-0.7015435338020325,0.6729970335960388,-0.1490708291530609,-1.072459077835083,0.6671609692275524,1.1474616765975951,C
5axwj3ekvw85989jjO8Ov8,Panic Attack,Octavarium,Dream Theater,2005-06-06,493026,51,21focq27ocnh36hhvz3btzlwy,2025-03-14T16:40:51Z,"progressive metal,progressive rock,metal",Warner Records,0.494,0.96,1,-5.478,1,0.126,3.93e-05,0.00519,0.113,0.127,125.969,4,"['progressive metal', 'progressive rock', 'metal']","[0.16653170188268027, -0.11398358643054962, 0.6786055862903595, 1.837541937828064, 0.6871991753578186, 0.17915301521619162, 0.13801128913958868, -0.9086203475793203, 0.7132832383116087, 0.07853906850020091, -1.0297122597694397, 0.3623903691768646, -0.6678220729033152, -1.2920743028322856, 0.5845892801880836, 0.6886318922042847]",0.16653170188268027,-0.11398358643054962,0.6786055862903595,1.837541937828064,0.6871991753578186,0.17915301521619162,0.13801128913958868,-0.9086203475793203,0.7132832383116087,0.07853906850020091,-1.0297122597694397,0.3623903691768646,-0.6678220729033152,-1.2920743028322856,0.5845892801880836,0.6886318922042847,J
4veeNpXDK1YRHMTJ1Cppsg,Buried Alive,Nightmare,Avenged Sevenfold,2010-07-23,404386,66,21focq27ocnh36hhvz3btzlwy,2025-03-14T16:40:51Z,"metal,alternative metal,heavy metal",Warner Records,0.607,0.804,9,-5.209,0,0.0296,0.00116,0.0,0.159,0.469,139.983,4,"['metal', 'alternative metal', 'heavy metal']","[0.6373348571360111, -0.5824860117087761, 0.721335002531608, 1.6329472462336223, 0.6438567537503938, 0.0347746746459355, -0.8546334554751714, -0.6862365636043251, 0.5769532157864887, 0.6689554030696551, -0.8783859439815084, 0.21397482262303433, -0.21195656433701515, -0.8570941220968962, 1.0757908166075747, 1.03005794249475]",0.6373348571360111,-0.5824860117087761,0.721335002531608,1.6329472462336223,0.6438567537503938,0.0347746746459355,-0.8546334554751714,-0.6862365636043251,0.5769532157864887,0.6689554030696551,-0.8783859439815084,0.21397482262303433,-0.21195656433701515,-0.8570941220968962,1.0757908166075747,1.03005794249475,J
78uIzsb1RSHlxXGQmGNPes,All Star,Skiing Workout Mix,Smash Mouth,2018-02-02,200066,13,21focq27ocnh36hhvz3btzlwy,2025-03-14T16:40:51Z,"rock, alternative, alternative rock, ska, pop","UMG Recordings, Inc.",0.736,0.876,11,-5.438,1,0.0342,0.0334,0.0,0.094,0.8,104.367,4,"['rock', 'alternative', 'alternative rock', 'ska', 'pop']","[-0.08112880490713423, -0.226715172108208, 0.1366147121414542, 0.9664988404906847, 0.45686894865049155, 0.5925096732673838, -1.2506672012236189, -0.570129127329325, -0.6060526949867113, 0.34026866195011224, -1.4807590568766875, 0.28123563253594674, -0.26603041719097426, -0.969128975962453, 0.4031522973002318, 0.37065798649016546]",-0.08112880490713423,-0.226715172108208,0.1366147121414542,0.9664988404906847,0.45686894865049155,0.5925096732673838,-1.2506672012236189,-0.570129127329325,-0.6060526949867113,0.34026866195011224,-1.4807590568766875,0.28123563253594674,-0.26603041719097426,-0.969128975962453,0.4031522973002318,0.37065798649016546,H
6crBy2sODw2HS53xquM6us,Tribute,Tenacious D,Tenacious D,2001-09-25,248053,63,21focq27ocnh36hhvz3btzlwy,2025-03-14T16:40:51Z,comedy,Epic,0.365,0.767,9,-6.185,0,0.0681,0.181,0.000856,0.0942,0.422,94.174,4,['comedy'],"[-1.2464314699172974, -0.7613813281059265, 0.43056944012641907, -0.131372332572937, 1.4580291509628296, 1.9864250421524048, 0.3517286777496338, -2.1718881130218506, -0.18906861543655396, 1.3946210145950317, -2.0435707569122314, -0.25188615918159485, -0.36410945653915405, -0.4355159103870392, -0.7198203802108765, 0.35567566752433777]",-1.2464314699172974,-0.7613813281059265,0.43056944012641907,-0.131372332572937,1.4580291509628296,1.9864250421524048,0.3517286777496338,-2.1718881130218506,-0.18906861543655396,1.3946210145950317,-2.0435707569122314,-0.25188615918159485,-0.36410945653915405,-0.4355159103870392,-0.7198203802108765,0.35567566752433777,H
5KhtfxmVLso0pQfnZ49h36,Brown Eyed Girl,The Essential Van Morrison,Van Morrison,2015-12-04,183506,45,21focq27ocnh36hhvz3btzlwy,2025-03-14T16:40:51Z,"classic rock, singer-songwriter, folk, rock, blues",Legacy Recordings,0.491,0.605,7,-10.098,1,0.0367,0.192,0.0,0.289,0.903,151.416,4,"['classic rock', 'singer-songwriter', 'folk', 'rock', 'blues']","[-0.8090296864509583, -0.3575757026672363, -0.22496043741703034, 0.9114816308021545, 0.8967029452323914, 0.7513670086860657, -0.8061066091060638, -0.9423652231693268, -0.48515825569629667, 0.3824332058429718, -1.641052746772766, 0.007590144872665405, -0.17504402697086335, -0.6667589515447616, 0.47121221050620077, 0.25688566118478773]",-0.8090296864509583,-0.3575757026672363,-0.22496043741703034,0.9114816308021545,0.8967029452323914,0.7513670086860657,-0.8061066091060638,-0.9423652231693268,-0.48515825569629667,0.3824332058429718,-1.641052746772766,0.007590144872665405,-0.17504402697086335,-0.6667589515447616,0.47121221050620077,0.25688566118478773,H
3fMqVC1gOKGmbMDBG3xss0,The Flame of Youth,Inhuman Rampage,DragonForce,2006-05-23,401386,19,21focq27ocnh36hhvz3btzlwy,2025-03-14T16:40:51Z,"power metal,speed metal,metal,melodic metal,symphonic metal",Roadrunner Records,0.411,0.936,1,-5.124,0,0.0742,0.0068,0.00095,0.257,0.307,99.95,4,"['power metal', 'speed metal', 'metal', 'melodic metal', 'symphonic metal']","[0.05808092355728149, -0.12033286094665527, 0.3554893434047699, 1.7195427060127257, 0.750094835460186, 0.22578010857105255, -0.9394413135945797, -0.6458966314792634, 0.4644118696451187, 1.0220278948545456, -0.873087152838707, 0.7872098989784717, -0.8882385730743408, -0.7630847215652465, 0.4118504345417023, 0.16405212879180908]",0.05808092355728149,-0.12033286094665527,0.3554893434047699,1.7195427060127257,0.750094835460186,0.22578010857105255,-0.9394413135945797,-0.6458966314792634,0.4644118696451187,1.0220278948545456,-0.873087152838707,0.7872098989784717,-0.8882385730743408,-0.7630847215652465,0.4118504345417023,0.16405212879180908,B
0YPuRrM2NwzdtuShUKkts6,G.O.A.T.,New Levels New Devils,Polyphia,2018-10-12,215998,55,21focq27ocnh36hhvz3btzlwy,2025-03-14T16:40:51Z,"math rock,djent,progressive metal,progressive rock",Equal Vision Records,0.66,0.76,11,-5.488,0,0.0332,0.000601,0.312,0.0949,0.359,107.028,4,"['math rock', 'djent', 'progressive metal', 'progressive rock']","[-0.29362811893224716, -0.00011814432218670845, -0.09588398784399033, 2.064273953437805, 0.9456843882799149, 0.3905964883961133, -0.524592062458396, -0.5721070393919945, -0.028459565714001656, 0.4382663629949093, -0.5813917815685272, 0.4821668639779091, -0.16754888743162155, -1.4420782923698425, 0.20522555988281965, 0.5028641447424889]",-0.29362811893224716,-0.00011814432218670845,-0.09588398784399033,2.064273953437805,0.9456843882799149,0.3905964883961133,-0.524592062458396,-0.5721070393919945,-0.028459565714001656,0.4382663629949093,-0.5813917815685272,0.4821668639779091,-0.16754888743162155,-1.4420782923698425,0.20522555988281965,0.5028641447424889,F
0ymLWjGaCmucke46otzDBY,Under Blackened Banners,Seventh Rum of a Seventh Rum (Deluxe Version),Alestorm,2022-06-24,279453,42,21focq27ocnh36hhvz3btzlwy,2025-03-14T16:40:51Z,"pirate metal,folk metal,power metal,metal,sea shanties",Napalm Records Handels GmbH,0.375,0.979,8,-6.225,1,0.0678,3.37e-05,0.0106,0.157,0.36,188.055,4,"['pirate metal', 'folk metal', 'power metal', 'metal', 'sea shanties']","[0.38523645618428976, 0.0024463876556509584, 0.3585092965871669, 1.437276113491792, 0.6829248021523922, 0.192129891903068, -1.2165010595837464, -0.6691102329044578, 0.5438861344367839, 0.7257888140992668, -0.8082449589975369, 1.1850777335512714, -0.7604447139116625, -0.9182345185619898, 0.6827568473437657, 0.8271885725120321]",0.38523645618428976,0.0024463876556509584,0.3585092965871669,1.437276113491792,0.6829248021523922,0.192129891903068,-1.2165010595837464,-0.6691102329044578,0.5438861344367839,0.7257888140992668,-0.8082449589975369,1.1850777335512714,-0.7604447139116625,-0.9182345185619898,0.6827568473437657,0.8271885725120321,B
3DegG5CRhcereKA8npf2TE,DESTINY,RESURRECTION,GALNERYUS,2010-06-23,464053,33,21focq27ocnh36hhvz3btzlwy,2025-03-14T16:40:51Z,"power metal,anime,j-rock,visual kei,symphonic metal,neoclassical,speed metal",VAP,0.235,0.859,8,-4.357,1,0.0516,6.52e-05,0.000127,0.173,0.0957,184.075,4,"['power metal', 'anime', 'j-rock', 'visual kei', 'symphonic metal', 'neoclassical', 'speed metal']","[0.19669468168701446, 0.02769400179386139, 0.15729784752641404, 1.5644507152693612, 1.0115424767136574, -0.10145976873380798, -1.2021320648491383, -0.6970646934849876, 0.20669289997645787, 1.3373344114848547, -0.7025178564446313, 1.098986473998853, -0.4717536228043692, -0.8330400288105011, 0.204732745885849, 0.017939829400607517]",0.19669468168701446,0.02769400179386139,0.15729784752641404,1.5644507152693612,1.0115424767136574,-0.10145976873380798,-1.2021320648491383,-0.6970646934849876,0.20669289997645787,1.3373344114848547,-0.7025178564446313,1.098986473998853,-0.4717536228043692,-0.8330400288105011,0.204732745885849,0.017939829400607517,B
28P5HAF0Kll9Xd9dX4qw7A,Eye of the Tiger,Eye Of The Tiger,Survivor,1982,243773,64,21focq27ocnh36hhvz3btzlwy,2025-03-14T16:40:51Z,"rock, classic rock, hard rock, 80s, aor",Volcano,0.815,0.438,0,-14.522,0,0.0346,0.216,0.000466,0.0787,0.552,108.965,4,"['rock', 'classic rock', 'hard rock', '80s', 'aor']","[-1.1133659491315484, 0.34481392055749893, -0.55023492872715, 1.1846516970545053, 0.4793381467461586, 0.35013263300061226, -0.9144255593419075, -0.9753532335162163, -0.5511549636721611, 0.01142315799370408, -1.3643116354942322, 0.7019075602293015, 0.3931107632815838, -1.069789633154869, 0.5970141431316733, 0.4236146528273821]",-1.1133659491315484,0.34481392055749893,-0.55023492872715,1.1846516970545053,0.4793381467461586,0.35013263300061226,-0.9144255593419075,-0.9753532335162163,-0.5511549636721611,0.01142315799370408,-1.3643116354942322,0.7019075602293015,0.3931107632815838,-1.069789633154869,0.5970141431316733,0.4236146528273821,F
2WWmiGzeBmv0qDh177rDVr,Buried Alive,Demons,Get Scared,2015-10-30,182880,41,21focq27ocnh36hhvz3btzlwy,2025-03-14T16:40:51Z,"emo,metalcore,post-hardcore",Fearless Records,0.518,0.981,3,-2.023,0,0.0951,1.19e-05,4.19e-06,0.422,0.234,128.004,3,"['emo', 'metalcore', 'post-hardcore']","[0.3115795999765396, -0.48536338408788043, 0.19563928494850794, 2.019296725591024, 0.9669125477472941, -0.3224850309391816, -0.6770362158616384, -0.16140973071257272, -0.13074174523353577, 0.4184311628341675, -1.2898115515708923, 0.15213850947717825, -0.17346614599227905, -1.121572583913803, 1.0684622128804524, 0.28375309705734253]",0.3115795999765396,-0.48536338408788043,0.19563928494850794,2.019296725591024,0.9669125477472941,-0.3224850309391816,-0.6770362158616384,-0.16140973071257272,-0.13074174523353577,0.4184311628341675,-1.2898115515708923,0.15213850947717825,-0.17346614599227905,-1.121572583913803,1.0684622128804524,0.28375309705734253,J
4TZo49HN2MkbWmHMTf4NcH,Octavarium,Octavarium,Dream Theater,2005-06-06,1440013,44,21focq27ocnh36hhvz3btzlwy,2025-03-14T16:40:51Z,"progressive metal,progressive rock,metal",Warner Records,0.309,0.745,5,-6.73,0,0.0462,0.0109,0.00159,0.103,0.0726,127.928,4,"['progressive metal', 'progressive rock', 'metal']","[0.16653170188268027, -0.11398358643054962, 0.6786055862903595, 1.837541937828064, 0.6871991753578186, 0.17915301521619162, 0.13801128913958868, -0.9086203475793203, 0.7132832383116087, 0.07853906850020091, -1.0297122597694397, 0.3623903691768646, -0.6678220729033152, -1.2920743028322856, 0.5845892801880836, 0.6886318922042847]",0.16653170188268027,-0.11398358643054962,0.6786055862903595,1.837541937828064,0.6871991753578186,0.17915301521619162,0.13801128913958868,-0.9086203475793203,0.7132832383116087,0.07853906850020091,-1.0297122597694397,0.3623903691768646,-0.6678220729033152,-1.2920743028322856,0.5845892801880836,0.6886318922042847,J
47iHcng6NPW51YsDTcpPWK,The Edge of the World,Reaching Into Infinity,DragonForce,2017-05-19,663733,9,21focq27ocnh36hhvz3btzlwy,2025-03-14T16:40:51Z,"power metal,speed metal,metal,melodic metal,symphonic metal",Cadence Music,0.31,0.944,2,-5.122,1,0.135,0.00161,5.29e-05,0.151,0.169,176.884,4,"['power metal', 'speed metal', 'metal', 'melodic metal', 'symphonic metal']","[0.05808092355728149, -0.12033286094665527, 0.3554893434047699, 1.7195427060127257, 0.750094835460186, 0.22578010857105255, -0.9394413135945797, -0.6458966314792634, 0.4644118696451187, 1.0220278948545456, -0.873087152838707, 0.7872098989784717, -0.8882385730743408, -0.7630847215652465, 0.4118504345417023, 0.16405212879180908]",0.05808092355728149,-0.12033286094665527,0.3554893434047699,1.7195427060127257,0.750094835460186,0.22578010857105255,-0.9394413135945797,-0.6458966314792634,0.4644118696451187,1.0220278948545456,-0.873087152838707,0.7872098989784717,-0.8882385730743408,-0.7630847215652465,0.4118504345417023,0.16405212879180908,B
57bgtoPSgt236HzfBOd8kj,Thunderstruck,The Razors Edge,AC/DC,1990-09-24,292880,84,21focq27ocnh36hhvz3btzlwy,2025-03-14T16:40:51Z,"rock,hard rock,classic rock,rock and roll",Columbia,0.502,0.89,4,-5.175,1,0.0364,0.000147,0.0117,0.217,0.259,133.52,4,"['rock', 'hard rock', 'classic rock', 'rock and roll']","[-0.8084048526361585, 0.03835140913724899, -0.6053887009620667, 1.1415573181584477, 0.7594379559159279, 0.38009176030755043, -1.1105676367878914, -0.9427441284060478, -0.44631319493055344, 0.04120010510087013, -1.2300615012645721, 0.8825782388448715, -0.01470525935292244, -0.9151135981082916, 0.39743539597839117, -0.20574027113616467]",-0.8084048526361585,0.03835140913724899,-0.6053887009620667,1.1415573181584477,0.7594379559159279,0.38009176030755043,-1.1105676367878914,-0.9427441284060478,-0.44631319493055344,0.04120010510087013,-1.2300615012645721,0.8825782388448715,-0.01470525935292244,-0.9151135981082916,0.39743539597839117,-0.20574027113616467,D
08mG3Y1vljYA6bvDt4Wqkj,Back In Black,Back In Black,AC/DC,1980-07-25,255493,83,21focq27ocnh36hhvz3btzlwy,2025-03-14T16:40:51Z,"rock,hard rock,classic rock,rock and roll",Columbia,0.31,0.7,9,-5.678,1,0.047,0.011,0.00965,0.0828,0.763,188.386,4,"['rock', 'hard rock', 'classic rock', 'rock and roll']","[-0.8084048526361585, 0.03835140913724899, -0.6053887009620667, 1.1415573181584477, 0.7594379559159279, 0.38009176030755043, -1.1105676367878914, -0.9427441284060478, -0.44631319493055344, 0.04120010510087013, -1.2300615012645721, 0.8825782388448715, -0.01470525935292244, -0.9151135981082916, 0.39743539597839117, -0.20574027113616467]",-0.8084048526361585,0.03835140913724899,-0.6053887009620667,1.1415573181584477,0.7594379559159279,0.38009176030755043,-1.1105676367878914,-0.9427441284060478,-0.44631319493055344,0.04120010510087013,-1.2300615012645721,0.8825782388448715,-0.01470525935292244,-0.9151135981082916,0.39743539597839117,-0.20574027113616467,D
2zYzyRzz6pRmhPzyfMEC8s,Highway to Hell,Highway to Hell,AC/DC,1979-07-27,208400,83,21focq27ocnh36hhvz3btzlwy,2025-03-14T16:40:51Z,"rock,hard rock,classic rock,rock and roll",Columbia,0.574,0.913,6,-4.793,0,0.133,0.061,0.00158,0.156,0.423,115.728,4,"['rock', 'hard rock', 'classic rock', 'rock and roll']","[-0.8084048526361585, 0.03835140913724899, -0.6053887009620667, 1.1415573181584477, 0.7594379559159279, 0.38009176030755043, -1.1105676367878914, -0.9427441284060478, -0.44631319493055344, 0.04120010510087013, -1.2300615012645721, 0.8825782388448715, -0.01470525935292244, -0.9151135981082916, 0.39743539597839117, -0.20574027113616467]",-0.8084048526361585,0.03835140913724899,-0.6053887009620667,1.1415573181584477,0.7594379559159279,0.38009176030755043,-1.1105676367878914,-0.9427441284060478,-0.44631319493055344,0.04120010510087013,-1.2300615012645721,0.8825782388448715,-0.01470525935292244,-0.9151135981082916,0.39743539597839117,-0.20574027113616467,D
7L5T0IutG8MyDnucOVccdU,Infinite Realm of Incomprehensible Suffering,Van,Clown Core,2020-09-23,85233,38,21focq27ocnh36hhvz3btzlwy,2025-03-14T16:40:51Z,breakcore,8===D,0.692,0.599,9,-7.58,1,0.118,0.564,0.0,0.355,0.737,107.065,4,['breakcore'],"[1.976405143737793, -1.5217254161834717, -0.030779289081692696, -0.11099201440811157, 0.7602560520172119, 0.28591853380203247, -0.6692468523979187, -1.2275654077529907, 1.381257176399231, 0.2966391444206238, -1.8692396879196167, 0.6029566526412964, 0.16264276206493378, -0.4600340723991394, 0.2419154942035675, 0.5597822666168213]",1.976405143737793,-1.5217254161834717,-0.030779289081692696,-0.11099201440811157,0.7602560520172119,0.28591853380203247,-0.6692468523979187,-1.2275654077529907,1.381257176399231,0.2966391444206238,-1.8692396879196167,0.6029566526412964,0.16264276206493378,-0.4600340723991394,0.2419154942035675,0.5597822666168213,H
0RO9W1xJoUEpq5MEelddFb,Stairway to Heaven - Remaster,Led Zeppelin IV (Remaster),Led Zeppelin,1971-11-08,482830,64,21focq27ocnh36hhvz3btzlwy,2025-03-14T16:40:51Z,"classic rock,rock,hard rock,rock and roll",Atlantic Records,0.338,0.34,9,-12.049,0,0.0339,0.58,0.0032,0.116,0.197,82.433,4,"['classic rock', 'rock', 'hard rock', 'rock and roll']","[-0.8084048526361585, 0.03835140913724899, -0.6053887009620667, 1.1415573181584477, 0.7594379559159279, 0.38009176030755043, -1.1105676367878914, -0.9427441284060478, -0.44631319493055344, 0.04120010510087013, -1.2300615012645721, 0.8825782388448715, -0.01470525935292244, -0.9151135981082916, 0.39743539597839117, -0.20574027113616467]",-0.8084048526361585,0.03835140913724899,-0.6053887009620667,1.1415573181584477,0.7594379559159279,0.38009176030755043,-1.1105676367878914,-0.9427441284060478,-0.44631319493055344,0.04120010510087013,-1.2300615012645721,0.8825782388448715,-0.01470525935292244,-0.9151135981082916,0.39743539597839117,-0.20574027113616467,F
1KCAEG6JcsTzi8ddZzs0nk,You Want a Battle? (Here's a War),Venom (Deluxe Edition),Bullet For My Valentine,2015-08-14,254613,59,21focq27ocnh36hhvz3btzlwy,2025-03-14T16:40:51Z,"metalcore,metal,screamo",RCA Records Label,0.295,0.98,2,-4.075,0,0.0854,3.21e-05,0.0,0.359,0.283,134.335,4,"['metalcore', 'metal', 'screamo']","[0.8740274409453074, -0.6684437294801077, 0.5115504016478857, 1.8085213502248128, 0.534620056549708, -0.1457157333691915, -0.7785665392875671, -1.0306863884131114, 0.3419269422690074, 0.38429748515288037, -0.938671886920929, -0.316827825581034, -0.009725977977116903, -1.1332128643989563, 1.1675115426381428, 0.6131400267283121]",0.8740274409453074,-0.6684437294801077,0.5115504016478857,1.8085213502248128,0.534620056549708,-0.1457157333691915,-0.7785665392875671,-1.0306863884131114,0.3419269422690074,0.38429748515288037,-0.938671886920929,-0.316827825581034,-0.009725977977116903,-1.1332128643989563,1.1675115426381428,0.6131400267283121,J
15RSleOGWOeAbAICFGwFF4,Call of the Martyrs,Starbound Stories,"Marc Hudson,Stevie T,Galen Stapley",2023-08-25,487397,10,21focq27ocnh36hhvz3btzlwy,2025-03-14T16:40:51Z,"power metal,djent",Napalm Records Handels GmbH,0.377,0.933,7,-4.591,1,0.0797,0.00302,6.65e-06,0.0578,0.282,159.981,4,"['power metal', 'djent']","[0.39462848007678986, 0.09112013876438141, -0.535489097237587, 2.039921224117279, 1.1115558743476868, 0.10881602372683119, -1.3670205473899841, 0.20195341110229492, 0.27233652770519257, 1.0920423865318298, -0.43559299409389496, 2.1270217299461365, -0.09939873218536377, -1.3070894479751587, 0.35533737018704414, 0.7549952417612076]",0.39462848007678986,0.09112013876438141,-0.535489097237587,2.039921224117279,1.1115558743476868,0.10881602372683119,-1.3670205473899841,0.20195341110229492,0.27233652770519257,1.0920423865318298,-0.43559299409389496,2.1270217299461365,-0.09939873218536377,-1.3070894479751587,0.35533737018704414,0.7549952417612076,B
4omUhtxaqTE7v4YnzqnUYy,Cry for Eternity,Inhuman Rampage,DragonForce,2006-05-23,492640,28,21focq27ocnh36hhvz3btzlwy,2025-03-14T16:40:51Z,"power metal,speed metal,metal,melodic metal,symphonic metal",Roadrunner Records,0.21,0.937,9,-4.839,0,0.126,0.00276,0.0182,0.28,0.136,199.974,4,"['power metal', 'speed metal', 'metal', 'melodic metal', 'symphonic metal']","[0.05808092355728149, -0.12033286094665527, 0.3554893434047699, 1.7195427060127257, 0.750094835460186, 0.22578010857105255, -0.9394413135945797, -0.6458966314792634, 0.4644118696451187, 1.0220278948545456, -0.873087152838707, 0.7872098989784717, -0.8882385730743408, -0.7630847215652465, 0.4118504345417023, 0.16405212879180908]",0.05808092355728149,-0.12033286094665527,0.3554893434047699,1.7195427060127257,0.750094835460186,0.22578010857105255,-0.9394413135945797,-0.6458966314792634,0.4644118696451187,1.0220278948545456,-0.873087152838707,0.7872098989784717,-0.8882385730743408,-0.7630847215652465,0.4118504345417023,0.16405212879180908,B
2cyJkqB2OYHwWWvKGtrJ0r,Sweet True Lies,From Hell With Love,Beast In Black,2019-02-08,206563,59,21focq27ocnh36hhvz3btzlwy,2025-03-14T16:40:51Z,"power metal,melodic metal,metal,symphonic metal",Nuclear Blast,0.466,0.912,1,-5.141,0,0.0466,7.75e-05,0.00294,0.284,0.661,136.035,4,"['power metal', 'melodic metal', 'metal', 'symphonic metal']","[0.038867462426424026, -0.2581258788704872, 0.13467758148908615, 1.6488651186227798, 0.9191049039363861, 0.13475145772099495, -1.1878848522901535, -0.5205487981438637, 0.6343335695564747, 0.9604462645947933, -0.9120182357728481, 0.995323745533824, -1.1776665076613426, -0.6068238914012909, 0.606990173459053, 0.604980081319809]",0.038867462426424026,-0.2581258788704872,0.13467758148908615,1.6488651186227798,0.9191049039363861,0.13475145772099495,-1.1878848522901535,-0.5205487981438637,0.6343335695564747,0.9604462645947933,-0.9120182357728481,0.995323745533824,-1.1776665076613426,-0.6068238914012909,0.606990173459053,0.604980081319809,G
3HtHib9t0FmC9sl1gsFobY,Power Of The Beast,Power Of The Beast,Beast In Black,2024-06-27,269665,52,21focq27ocnh36hhvz3btzlwy,2025-03-14T16:40:51Z,"power metal,melodic metal,metal,symphonic metal",Nuclear Blast,0.44,0.982,5,-3.114,0,0.114,0.000221,0.0115,0.199,0.4,160.038,4,"['power metal', 'melodic metal', 'metal', 'symphonic metal']","[0.038867462426424026, -0.2581258788704872, 0.13467758148908615, 1.6488651186227798, 0.9191049039363861, 0.13475145772099495, -1.1878848522901535, -0.5205487981438637, 0.6343335695564747, 0.9604462645947933, -0.9120182357728481, 0.995323745533824, -1.1776665076613426, -0.6068238914012909, 0.606990173459053, 0.604980081319809]",0.038867462426424026,-0.2581258788704872,0.13467758148908615,1.6488651186227798,0.9191049039363861,0.13475145772099495,-1.1878848522901535,-0.5205487981438637,0.6343335695564747,0.9604462645947933,-0.9120182357728481,0.995323745533824,-1.1776665076613426,-0.6068238914012909,0.606990173459053,0.604980081319809,B
1BLfQ6dPXmuDrFmbdfW7Jl,A Little Piece of Heaven,Avenged Sevenfold,Avenged Sevenfold,2007-10-26,480706,73,21focq27ocnh36hhvz3btzlwy,2025-03-14T16:40:51Z,"metal,alternative metal,heavy metal",Warner Records,0.486,0.881,2,-5.623,0,0.0474,0.0244,0.0,0.429,0.667,144.997,4,"['metal', 'alternative metal', 'heavy metal']","[0.6373348571360111, -0.5824860117087761, 0.721335002531608, 1.6329472462336223, 0.6438567537503938, 0.0347746746459355, -0.8546334554751714, -0.6862365636043251, 0.5769532157864887, 0.6689554030696551, -0.8783859439815084, 0.21397482262303433, -0.21195656433701515, -0.8570941220968962, 1.0757908166075747, 1.03005794249475]",0.6373348571360111,-0.5824860117087761,0.721335002531608,1.6329472462336223,0.6438567537503938,0.0347746746459355,-0.8546334554751714,-0.6862365636043251,0.5769532157864887,0.6689554030696551,-0.8783859439815084,0.21397482262303433,-0.21195656433701515,-0.8570941220968962,1.0757908166075747,1.03005794249475,J
1fQaoh3imrMunWVZh5kf90,Shepherd of Fire,Hail to the King,Avenged Sevenfold,2013-08-23,323800,69,21focq27ocnh36hhvz3btzlwy,2025-03-14T16:40:51Z,"metal,alternative metal,heavy metal",Warner Records,0.576,0.906,2,-7.677,1,0.0571,0.000332,0.0614,0.0908,0.211,127.935,4,"['metal', 'alternative metal', 'heavy metal']","[0.6373348571360111, -0.5824860117087761, 0.721335002531608, 1.6329472462336223, 0.6438567537503938, 0.0347746746459355, -0.8546334554751714, -0.6862365636043251, 0.5769532157864887, 0.6689554030696551, -0.8783859439815084, 0.21397482262303433, -0.21195656433701515, -0.8570941220968962, 1.0757908166075747, 1.03005794249475]",0.6373348571360111,-0.5824860117087761,0.721335002531608,1.6329472462336223,0.6438567537503938,0.0347746746459355,-0.8546334554751714,-0.6862365636043251,0.5769532157864887,0.6689554030696551,-0.8783859439815084,0.21397482262303433,-0.21195656433701515,-0.8570941220968962,1.0757908166075747,1.03005794249475,J
5ghIJDpPoe3CfHMGu71E6T,Smells Like Teen Spirit,Nevermind (Remastered),Nirvana,1991-09-26,301920,78,21focq27ocnh36hhvz3btzlwy,2025-03-14T16:40:51Z,"grunge,rock",Geffen,0.502,0.912,1,-4.556,1,0.0564,2.55e-05,0.000173,0.106,0.72,116.761,4,"['grunge', 'rock']","[-0.1712401807308197, 0.5077174156904221, -0.4085977375507355, 2.214210569858551, 0.642390251159668, 0.21790489554405212, -0.6947120823897421, -0.8512809425592422, -0.8415240347385406, 0.13105660676956177, -0.5962884277105331, -0.1640264242887497, -0.1795402467250824, -1.4819660782814026, -0.2395582962781191, 0.9966055750846863]",-0.1712401807308197,0.5077174156904221,-0.4085977375507355,2.214210569858551,0.642390251159668,0.21790489554405212,-0.6947120823897421,-0.8512809425592422,-0.8415240347385406,0.13105660676956177,-0.5962884277105331,-0.1640264242887497,-0.1795402467250824,-1.4819660782814026,-0.2395582962781191,0.9966055750846863,C
